"","GEOID","Value","NAME"
"1","01001",1,"Autauga"
"2","01003",2,"Baldwin"
"3","01005",3,"Barbour"
"4","01007",4,"Bibb"
"5","01009",5,"Blount"
"6","01011",6,"Bullock"
"7","01013",7,"Butler"
"8","01015",8,"Calhoun"
"9","01017",9,"Chambers"
"10","01019",10,"Cherokee"
"11","01021",11,"Chilton"
"12","01023",12,"Choctaw"
"13","01025",13,"Clarke"
"14","01027",14,"Clay"
"15","01029",15,"Cleburne"
"16","01031",16,"Coffee"
"17","01033",17,"Colbert"
"18","01035",18,"Conecuh"
"19","01037",19,"Coosa"
"20","01039",20,"Covington"
"21","01041",21,"Crenshaw"
"22","01043",22,"Cullman"
"23","01045",23,"Dale"
"24","01047",24,"Dallas"
"25","01049",25,"DeKalb"
"26","01051",26,"Elmore"
"27","01053",27,"Escambia"
"28","01055",28,"Etowah"
"29","01057",29,"Fayette"
"30","01059",30,"Franklin"
"31","01061",31,"Geneva"
"32","01063",32,"Greene"
"33","01065",33,"Hale"
"34","01067",34,"Henry"
"35","01069",35,"Houston"
"36","01071",36,"Jackson"
"37","01073",37,"Jefferson"
"38","01075",38,"Lamar"
"39","01077",39,"Lauderdale"
"40","01079",40,"Lawrence"
"41","01081",41,"Lee"
"42","01083",42,"Limestone"
"43","01085",43,"Lowndes"
"44","01087",44,"Macon"
"45","01089",45,"Madison"
"46","01091",46,"Marengo"
"47","01093",47,"Marion"
"48","01095",48,"Marshall"
"49","01097",49,"Mobile"
"50","01099",50,"Monroe"
"51","01101",51,"Montgomery"
"52","01103",52,"Morgan"
"53","01105",53,"Perry"
"54","01107",54,"Pickens"
"55","01109",55,"Pike"
"56","01111",56,"Randolph"
"57","01113",57,"Russell"
"58","01115",58,"St. Clair"
"59","01117",59,"Shelby"
"60","01119",60,"Sumter"
"61","01121",61,"Talladega"
"62","01123",62,"Tallapoosa"
"63","01125",63,"Tuscaloosa"
"64","01127",64,"Walker"
"65","01129",65,"Washington"
"66","01131",66,"Wilcox"
"67","01133",67,"Winston"
"68","02013",68,"Aleutians East"
"69","02016",69,"Aleutians West"
"70","02020",70,"Anchorage"
"71","02050",71,"Bethel"
"72","02060",72,"Bristol Bay"
"73","02068",73,"Denali"
"74","02070",74,"Dillingham"
"75","02090",75,"Fairbanks North Star"
"76","02100",76,"Haines"
"77","02105",77,"Hoonah-Angoon"
"78","02110",78,"Juneau"
"79","02122",79,"Kenai Peninsula"
"80","02130",80,"Ketchikan Gateway"
"81","02150",81,"Kodiak Island"
"82","02158",82,"Kusilvak"
"83","02164",83,"Lake and Peninsula"
"84","02170",84,"Matanuska-Susitna"
"85","02180",85,"Nome"
"86","02185",86,"North Slope"
"87","02188",87,"Northwest Arctic"
"88","02195",88,"Petersburg"
"89","02198",89,"Prince of Wales-Hyder"
"90","02220",90,"Sitka"
"91","02230",91,"Skagway"
"92","02240",92,"Southeast Fairbanks"
"93","02261",93,"Valdez-Cordova"
"94","02275",94,"Wrangell"
"95","02282",95,"Yakutat"
"96","02290",96,"Yukon-Koyukuk"
"97","04001",97,"Apache"
"98","04003",98,"Cochise"
"99","04005",99,"Coconino"
"100","04007",100,"Gila"
"101","04009",101,"Graham"
"102","04011",102,"Greenlee"
"103","04012",103,"La Paz"
"104","04013",104,"Maricopa"
"105","04015",105,"Mohave"
"106","04017",106,"Navajo"
"107","04019",107,"Pima"
"108","04021",108,"Pinal"
"109","04023",109,"Santa Cruz"
"110","04025",110,"Yavapai"
"111","04027",111,"Yuma"
"112","05001",112,"Arkansas"
"113","05003",113,"Ashley"
"114","05005",114,"Baxter"
"115","05007",115,"Benton"
"116","05009",116,"Boone"
"117","05011",117,"Bradley"
"118","05013",118,"Calhoun"
"119","05015",119,"Carroll"
"120","05017",120,"Chicot"
"121","05019",121,"Clark"
"122","05021",122,"Clay"
"123","05023",123,"Cleburne"
"124","05025",124,"Cleveland"
"125","05027",125,"Columbia"
"126","05029",126,"Conway"
"127","05031",127,"Craighead"
"128","05033",128,"Crawford"
"129","05035",129,"Crittenden"
"130","05037",130,"Cross"
"131","05039",131,"Dallas"
"132","05041",132,"Desha"
"133","05043",133,"Drew"
"134","05045",134,"Faulkner"
"135","05047",135,"Franklin"
"136","05049",136,"Fulton"
"137","05051",137,"Garland"
"138","05053",138,"Grant"
"139","05055",139,"Greene"
"140","05057",140,"Hempstead"
"141","05059",141,"Hot Spring"
"142","05061",142,"Howard"
"143","05063",143,"Independence"
"144","05065",144,"Izard"
"145","05067",145,"Jackson"
"146","05069",146,"Jefferson"
"147","05071",147,"Johnson"
"148","05073",148,"Lafayette"
"149","05075",149,"Lawrence"
"150","05077",150,"Lee"
"151","05079",151,"Lincoln"
"152","05081",152,"Little River"
"153","05083",153,"Logan"
"154","05085",154,"Lonoke"
"155","05087",155,"Madison"
"156","05089",156,"Marion"
"157","05091",157,"Miller"
"158","05093",158,"Mississippi"
"159","05095",159,"Monroe"
"160","05097",160,"Montgomery"
"161","05099",161,"Nevada"
"162","05101",162,"Newton"
"163","05103",163,"Ouachita"
"164","05105",164,"Perry"
"165","05107",165,"Phillips"
"166","05109",166,"Pike"
"167","05111",167,"Poinsett"
"168","05113",168,"Polk"
"169","05115",169,"Pope"
"170","05117",170,"Prairie"
"171","05119",171,"Pulaski"
"172","05121",172,"Randolph"
"173","05123",173,"St. Francis"
"174","05125",174,"Saline"
"175","05127",175,"Scott"
"176","05129",176,"Searcy"
"177","05131",177,"Sebastian"
"178","05133",178,"Sevier"
"179","05135",179,"Sharp"
"180","05137",180,"Stone"
"181","05139",181,"Union"
"182","05141",182,"Van Buren"
"183","05143",183,"Washington"
"184","05145",184,"White"
"185","05147",185,"Woodruff"
"186","05149",186,"Yell"
"187","06001",187,"Alameda"
"188","06003",188,"Alpine"
"189","06005",189,"Amador"
"190","06007",190,"Butte"
"191","06009",191,"Calaveras"
"192","06011",192,"Colusa"
"193","06013",193,"Contra Costa"
"194","06015",194,"Del Norte"
"195","06017",195,"El Dorado"
"196","06019",196,"Fresno"
"197","06021",197,"Glenn"
"198","06023",198,"Humboldt"
"199","06025",199,"Imperial"
"200","06027",200,"Inyo"
"201","06029",201,"Kern"
"202","06031",202,"Kings"
"203","06033",203,"Lake"
"204","06035",204,"Lassen"
"205","06037",205,"Los Angeles"
"206","06039",206,"Madera"
"207","06041",207,"Marin"
"208","06043",208,"Mariposa"
"209","06045",209,"Mendocino"
"210","06047",210,"Merced"
"211","06049",211,"Modoc"
"212","06051",212,"Mono"
"213","06053",213,"Monterey"
"214","06055",214,"Napa"
"215","06057",215,"Nevada"
"216","06059",216,"Orange"
"217","06061",217,"Placer"
"218","06063",218,"Plumas"
"219","06065",219,"Riverside"
"220","06067",220,"Sacramento"
"221","06069",221,"San Benito"
"222","06071",222,"San Bernardino"
"223","06073",223,"San Diego"
"224","06075",224,"San Francisco"
"225","06077",225,"San Joaquin"
"226","06079",226,"San Luis Obispo"
"227","06081",227,"San Mateo"
"228","06083",228,"Santa Barbara"
"229","06085",229,"Santa Clara"
"230","06087",230,"Santa Cruz"
"231","06089",231,"Shasta"
"232","06091",232,"Sierra"
"233","06093",233,"Siskiyou"
"234","06095",234,"Solano"
"235","06097",235,"Sonoma"
"236","06099",236,"Stanislaus"
"237","06101",237,"Sutter"
"238","06103",238,"Tehama"
"239","06105",239,"Trinity"
"240","06107",240,"Tulare"
"241","06109",241,"Tuolumne"
"242","06111",242,"Ventura"
"243","06113",243,"Yolo"
"244","06115",244,"Yuba"
"245","08001",245,"Adams"
"246","08003",246,"Alamosa"
"247","08005",247,"Arapahoe"
"248","08007",248,"Archuleta"
"249","08009",249,"Baca"
"250","08011",250,"Bent"
"251","08013",251,"Boulder"
"252","08014",252,"Broomfield"
"253","08015",253,"Chaffee"
"254","08017",254,"Cheyenne"
"255","08019",255,"Clear Creek"
"256","08021",256,"Conejos"
"257","08023",257,"Costilla"
"258","08025",258,"Crowley"
"259","08027",259,"Custer"
"260","08029",260,"Delta"
"261","08031",261,"Denver"
"262","08033",262,"Dolores"
"263","08035",263,"Douglas"
"264","08037",264,"Eagle"
"265","08039",265,"Elbert"
"266","08041",266,"El Paso"
"267","08043",267,"Fremont"
"268","08045",268,"Garfield"
"269","08047",269,"Gilpin"
"270","08049",270,"Grand"
"271","08051",271,"Gunnison"
"272","08053",272,"Hinsdale"
"273","08055",273,"Huerfano"
"274","08057",274,"Jackson"
"275","08059",275,"Jefferson"
"276","08061",276,"Kiowa"
"277","08063",277,"Kit Carson"
"278","08065",278,"Lake"
"279","08067",279,"La Plata"
"280","08069",280,"Larimer"
"281","08071",281,"Las Animas"
"282","08073",282,"Lincoln"
"283","08075",283,"Logan"
"284","08077",284,"Mesa"
"285","08079",285,"Mineral"
"286","08081",286,"Moffat"
"287","08083",287,"Montezuma"
"288","08085",288,"Montrose"
"289","08087",289,"Morgan"
"290","08089",290,"Otero"
"291","08091",291,"Ouray"
"292","08093",292,"Park"
"293","08095",293,"Phillips"
"294","08097",294,"Pitkin"
"295","08099",295,"Prowers"
"296","08101",296,"Pueblo"
"297","08103",297,"Rio Blanco"
"298","08105",298,"Rio Grande"
"299","08107",299,"Routt"
"300","08109",300,"Saguache"
"301","08111",301,"San Juan"
"302","08113",302,"San Miguel"
"303","08115",303,"Sedgwick"
"304","08117",304,"Summit"
"305","08119",305,"Teller"
"306","08121",306,"Washington"
"307","08123",307,"Weld"
"308","08125",308,"Yuma"
"309","09001",309,"Fairfield"
"310","09003",310,"Hartford"
"311","09005",311,"Litchfield"
"312","09007",312,"Middlesex"
"313","09009",313,"New Haven"
"314","09011",314,"New London"
"315","09013",315,"Tolland"
"316","09015",316,"Windham"
"317","10001",317,"Kent"
"318","10003",318,"New Castle"
"319","10005",319,"Sussex"
"320","11001",320,"District of Columbia"
"321","12001",321,"Alachua"
"322","12003",322,"Baker"
"323","12005",323,"Bay"
"324","12007",324,"Bradford"
"325","12009",325,"Brevard"
"326","12011",326,"Broward"
"327","12013",327,"Calhoun"
"328","12015",328,"Charlotte"
"329","12017",329,"Citrus"
"330","12019",330,"Clay"
"331","12021",331,"Collier"
"332","12023",332,"Columbia"
"333","12027",333,"DeSoto"
"334","12029",334,"Dixie"
"335","12031",335,"Duval"
"336","12033",336,"Escambia"
"337","12035",337,"Flagler"
"338","12037",338,"Franklin"
"339","12039",339,"Gadsden"
"340","12041",340,"Gilchrist"
"341","12043",341,"Glades"
"342","12045",342,"Gulf"
"343","12047",343,"Hamilton"
"344","12049",344,"Hardee"
"345","12051",345,"Hendry"
"346","12053",346,"Hernando"
"347","12055",347,"Highlands"
"348","12057",348,"Hillsborough"
"349","12059",349,"Holmes"
"350","12061",350,"Indian River"
"351","12063",351,"Jackson"
"352","12065",352,"Jefferson"
"353","12067",353,"Lafayette"
"354","12069",354,"Lake"
"355","12071",355,"Lee"
"356","12073",356,"Leon"
"357","12075",357,"Levy"
"358","12077",358,"Liberty"
"359","12079",359,"Madison"
"360","12081",360,"Manatee"
"361","12083",361,"Marion"
"362","12085",362,"Martin"
"363","12086",363,"Miami-Dade"
"364","12087",364,"Monroe"
"365","12089",365,"Nassau"
"366","12091",366,"Okaloosa"
"367","12093",367,"Okeechobee"
"368","12095",368,"Orange"
"369","12097",369,"Osceola"
"370","12099",370,"Palm Beach"
"371","12101",371,"Pasco"
"372","12103",372,"Pinellas"
"373","12105",373,"Polk"
"374","12107",374,"Putnam"
"375","12109",375,"St. Johns"
"376","12111",376,"St. Lucie"
"377","12113",377,"Santa Rosa"
"378","12115",378,"Sarasota"
"379","12117",379,"Seminole"
"380","12119",380,"Sumter"
"381","12121",381,"Suwannee"
"382","12123",382,"Taylor"
"383","12125",383,"Union"
"384","12127",384,"Volusia"
"385","12129",385,"Wakulla"
"386","12131",386,"Walton"
"387","12133",387,"Washington"
"388","13001",388,"Appling"
"389","13003",389,"Atkinson"
"390","13005",390,"Bacon"
"391","13007",391,"Baker"
"392","13009",392,"Baldwin"
"393","13011",393,"Banks"
"394","13013",394,"Barrow"
"395","13015",395,"Bartow"
"396","13017",396,"Ben Hill"
"397","13019",397,"Berrien"
"398","13021",398,"Bibb"
"399","13023",399,"Bleckley"
"400","13025",400,"Brantley"
"401","13027",401,"Brooks"
"402","13029",402,"Bryan"
"403","13031",403,"Bulloch"
"404","13033",404,"Burke"
"405","13035",405,"Butts"
"406","13037",406,"Calhoun"
"407","13039",407,"Camden"
"408","13043",408,"Candler"
"409","13045",409,"Carroll"
"410","13047",410,"Catoosa"
"411","13049",411,"Charlton"
"412","13051",412,"Chatham"
"413","13053",413,"Chattahoochee"
"414","13055",414,"Chattooga"
"415","13057",415,"Cherokee"
"416","13059",416,"Clarke"
"417","13061",417,"Clay"
"418","13063",418,"Clayton"
"419","13065",419,"Clinch"
"420","13067",420,"Cobb"
"421","13069",421,"Coffee"
"422","13071",422,"Colquitt"
"423","13073",423,"Columbia"
"424","13075",424,"Cook"
"425","13077",425,"Coweta"
"426","13079",426,"Crawford"
"427","13081",427,"Crisp"
"428","13083",428,"Dade"
"429","13085",429,"Dawson"
"430","13087",430,"Decatur"
"431","13089",431,"DeKalb"
"432","13091",432,"Dodge"
"433","13093",433,"Dooly"
"434","13095",434,"Dougherty"
"435","13097",435,"Douglas"
"436","13099",436,"Early"
"437","13101",437,"Echols"
"438","13103",438,"Effingham"
"439","13105",439,"Elbert"
"440","13107",440,"Emanuel"
"441","13109",441,"Evans"
"442","13111",442,"Fannin"
"443","13113",443,"Fayette"
"444","13115",444,"Floyd"
"445","13117",445,"Forsyth"
"446","13119",446,"Franklin"
"447","13121",447,"Fulton"
"448","13123",448,"Gilmer"
"449","13125",449,"Glascock"
"450","13127",450,"Glynn"
"451","13129",451,"Gordon"
"452","13131",452,"Grady"
"453","13133",453,"Greene"
"454","13135",454,"Gwinnett"
"455","13137",455,"Habersham"
"456","13139",456,"Hall"
"457","13141",457,"Hancock"
"458","13143",458,"Haralson"
"459","13145",459,"Harris"
"460","13147",460,"Hart"
"461","13149",461,"Heard"
"462","13151",462,"Henry"
"463","13153",463,"Houston"
"464","13155",464,"Irwin"
"465","13157",465,"Jackson"
"466","13159",466,"Jasper"
"467","13161",467,"Jeff Davis"
"468","13163",468,"Jefferson"
"469","13165",469,"Jenkins"
"470","13167",470,"Johnson"
"471","13169",471,"Jones"
"472","13171",472,"Lamar"
"473","13173",473,"Lanier"
"474","13175",474,"Laurens"
"475","13177",475,"Lee"
"476","13179",476,"Liberty"
"477","13181",477,"Lincoln"
"478","13183",478,"Long"
"479","13185",479,"Lowndes"
"480","13187",480,"Lumpkin"
"481","13189",481,"McDuffie"
"482","13191",482,"McIntosh"
"483","13193",483,"Macon"
"484","13195",484,"Madison"
"485","13197",485,"Marion"
"486","13199",486,"Meriwether"
"487","13201",487,"Miller"
"488","13205",488,"Mitchell"
"489","13207",489,"Monroe"
"490","13209",490,"Montgomery"
"491","13211",491,"Morgan"
"492","13213",492,"Murray"
"493","13215",493,"Muscogee"
"494","13217",494,"Newton"
"495","13219",495,"Oconee"
"496","13221",496,"Oglethorpe"
"497","13223",497,"Paulding"
"498","13225",498,"Peach"
"499","13227",499,"Pickens"
"500","13229",500,"Pierce"
"501","13231",501,"Pike"
"502","13233",502,"Polk"
"503","13235",503,"Pulaski"
"504","13237",504,"Putnam"
"505","13239",505,"Quitman"
"506","13241",506,"Rabun"
"507","13243",507,"Randolph"
"508","13245",508,"Richmond"
"509","13247",509,"Rockdale"
"510","13249",510,"Schley"
"511","13251",511,"Screven"
"512","13253",512,"Seminole"
"513","13255",513,"Spalding"
"514","13257",514,"Stephens"
"515","13259",515,"Stewart"
"516","13261",516,"Sumter"
"517","13263",517,"Talbot"
"518","13265",518,"Taliaferro"
"519","13267",519,"Tattnall"
"520","13269",520,"Taylor"
"521","13271",521,"Telfair"
"522","13273",522,"Terrell"
"523","13275",523,"Thomas"
"524","13277",524,"Tift"
"525","13279",525,"Toombs"
"526","13281",526,"Towns"
"527","13283",527,"Treutlen"
"528","13285",528,"Troup"
"529","13287",529,"Turner"
"530","13289",530,"Twiggs"
"531","13291",531,"Union"
"532","13293",532,"Upson"
"533","13295",533,"Walker"
"534","13297",534,"Walton"
"535","13299",535,"Ware"
"536","13301",536,"Warren"
"537","13303",537,"Washington"
"538","13305",538,"Wayne"
"539","13307",539,"Webster"
"540","13309",540,"Wheeler"
"541","13311",541,"White"
"542","13313",542,"Whitfield"
"543","13315",543,"Wilcox"
"544","13317",544,"Wilkes"
"545","13319",545,"Wilkinson"
"546","13321",546,"Worth"
"547","15001",547,"Hawaii"
"548","15003",548,"Honolulu"
"549","15005",549,"Kalawao"
"550","15007",550,"Kauai"
"551","15009",551,"Maui"
"552","16001",552,"Ada"
"553","16003",553,"Adams"
"554","16005",554,"Bannock"
"555","16007",555,"Bear Lake"
"556","16009",556,"Benewah"
"557","16011",557,"Bingham"
"558","16013",558,"Blaine"
"559","16015",559,"Boise"
"560","16017",560,"Bonner"
"561","16019",561,"Bonneville"
"562","16021",562,"Boundary"
"563","16023",563,"Butte"
"564","16025",564,"Camas"
"565","16027",565,"Canyon"
"566","16029",566,"Caribou"
"567","16031",567,"Cassia"
"568","16033",568,"Clark"
"569","16035",569,"Clearwater"
"570","16037",570,"Custer"
"571","16039",571,"Elmore"
"572","16041",572,"Franklin"
"573","16043",573,"Fremont"
"574","16045",574,"Gem"
"575","16047",575,"Gooding"
"576","16049",576,"Idaho"
"577","16051",577,"Jefferson"
"578","16053",578,"Jerome"
"579","16055",579,"Kootenai"
"580","16057",580,"Latah"
"581","16059",581,"Lemhi"
"582","16061",582,"Lewis"
"583","16063",583,"Lincoln"
"584","16065",584,"Madison"
"585","16067",585,"Minidoka"
"586","16069",586,"Nez Perce"
"587","16071",587,"Oneida"
"588","16073",588,"Owyhee"
"589","16075",589,"Payette"
"590","16077",590,"Power"
"591","16079",591,"Shoshone"
"592","16081",592,"Teton"
"593","16083",593,"Twin Falls"
"594","16085",594,"Valley"
"595","16087",595,"Washington"
"596","17001",596,"Adams"
"597","17003",597,"Alexander"
"598","17005",598,"Bond"
"599","17007",599,"Boone"
"600","17009",600,"Brown"
"601","17011",601,"Bureau"
"602","17013",602,"Calhoun"
"603","17015",603,"Carroll"
"604","17017",604,"Cass"
"605","17019",605,"Champaign"
"606","17021",606,"Christian"
"607","17023",607,"Clark"
"608","17025",608,"Clay"
"609","17027",609,"Clinton"
"610","17029",610,"Coles"
"611","17031",611,"Cook"
"612","17033",612,"Crawford"
"613","17035",613,"Cumberland"
"614","17037",614,"DeKalb"
"615","17039",615,"De Witt"
"616","17041",616,"Douglas"
"617","17043",617,"DuPage"
"618","17045",618,"Edgar"
"619","17047",619,"Edwards"
"620","17049",620,"Effingham"
"621","17051",621,"Fayette"
"622","17053",622,"Ford"
"623","17055",623,"Franklin"
"624","17057",624,"Fulton"
"625","17059",625,"Gallatin"
"626","17061",626,"Greene"
"627","17063",627,"Grundy"
"628","17065",628,"Hamilton"
"629","17067",629,"Hancock"
"630","17069",630,"Hardin"
"631","17071",631,"Henderson"
"632","17073",632,"Henry"
"633","17075",633,"Iroquois"
"634","17077",634,"Jackson"
"635","17079",635,"Jasper"
"636","17081",636,"Jefferson"
"637","17083",637,"Jersey"
"638","17085",638,"Jo Daviess"
"639","17087",639,"Johnson"
"640","17089",640,"Kane"
"641","17091",641,"Kankakee"
"642","17093",642,"Kendall"
"643","17095",643,"Knox"
"644","17097",644,"Lake"
"645","17099",645,"LaSalle"
"646","17101",646,"Lawrence"
"647","17103",647,"Lee"
"648","17105",648,"Livingston"
"649","17107",649,"Logan"
"650","17109",650,"McDonough"
"651","17111",651,"McHenry"
"652","17113",652,"McLean"
"653","17115",653,"Macon"
"654","17117",654,"Macoupin"
"655","17119",655,"Madison"
"656","17121",656,"Marion"
"657","17123",657,"Marshall"
"658","17125",658,"Mason"
"659","17127",659,"Massac"
"660","17129",660,"Menard"
"661","17131",661,"Mercer"
"662","17133",662,"Monroe"
"663","17135",663,"Montgomery"
"664","17137",664,"Morgan"
"665","17139",665,"Moultrie"
"666","17141",666,"Ogle"
"667","17143",667,"Peoria"
"668","17145",668,"Perry"
"669","17147",669,"Piatt"
"670","17149",670,"Pike"
"671","17151",671,"Pope"
"672","17153",672,"Pulaski"
"673","17155",673,"Putnam"
"674","17157",674,"Randolph"
"675","17159",675,"Richland"
"676","17161",676,"Rock Island"
"677","17163",677,"St. Clair"
"678","17165",678,"Saline"
"679","17167",679,"Sangamon"
"680","17169",680,"Schuyler"
"681","17171",681,"Scott"
"682","17173",682,"Shelby"
"683","17175",683,"Stark"
"684","17177",684,"Stephenson"
"685","17179",685,"Tazewell"
"686","17181",686,"Union"
"687","17183",687,"Vermilion"
"688","17185",688,"Wabash"
"689","17187",689,"Warren"
"690","17189",690,"Washington"
"691","17191",691,"Wayne"
"692","17193",692,"White"
"693","17195",693,"Whiteside"
"694","17197",694,"Will"
"695","17199",695,"Williamson"
"696","17201",696,"Winnebago"
"697","17203",697,"Woodford"
"698","18001",698,"Adams"
"699","18003",699,"Allen"
"700","18005",700,"Bartholomew"
"701","18007",701,"Benton"
"702","18009",702,"Blackford"
"703","18011",703,"Boone"
"704","18013",704,"Brown"
"705","18015",705,"Carroll"
"706","18017",706,"Cass"
"707","18019",707,"Clark"
"708","18021",708,"Clay"
"709","18023",709,"Clinton"
"710","18025",710,"Crawford"
"711","18027",711,"Daviess"
"712","18029",712,"Dearborn"
"713","18031",713,"Decatur"
"714","18033",714,"DeKalb"
"715","18035",715,"Delaware"
"716","18037",716,"Dubois"
"717","18039",717,"Elkhart"
"718","18041",718,"Fayette"
"719","18043",719,"Floyd"
"720","18045",720,"Fountain"
"721","18047",721,"Franklin"
"722","18049",722,"Fulton"
"723","18051",723,"Gibson"
"724","18053",724,"Grant"
"725","18055",725,"Greene"
"726","18057",726,"Hamilton"
"727","18059",727,"Hancock"
"728","18061",728,"Harrison"
"729","18063",729,"Hendricks"
"730","18065",730,"Henry"
"731","18067",731,"Howard"
"732","18069",732,"Huntington"
"733","18071",733,"Jackson"
"734","18073",734,"Jasper"
"735","18075",735,"Jay"
"736","18077",736,"Jefferson"
"737","18079",737,"Jennings"
"738","18081",738,"Johnson"
"739","18083",739,"Knox"
"740","18085",740,"Kosciusko"
"741","18087",741,"LaGrange"
"742","18089",742,"Lake"
"743","18091",743,"LaPorte"
"744","18093",744,"Lawrence"
"745","18095",745,"Madison"
"746","18097",746,"Marion"
"747","18099",747,"Marshall"
"748","18101",748,"Martin"
"749","18103",749,"Miami"
"750","18105",750,"Monroe"
"751","18107",751,"Montgomery"
"752","18109",752,"Morgan"
"753","18111",753,"Newton"
"754","18113",754,"Noble"
"755","18115",755,"Ohio"
"756","18117",756,"Orange"
"757","18119",757,"Owen"
"758","18121",758,"Parke"
"759","18123",759,"Perry"
"760","18125",760,"Pike"
"761","18127",761,"Porter"
"762","18129",762,"Posey"
"763","18131",763,"Pulaski"
"764","18133",764,"Putnam"
"765","18135",765,"Randolph"
"766","18137",766,"Ripley"
"767","18139",767,"Rush"
"768","18141",768,"St. Joseph"
"769","18143",769,"Scott"
"770","18145",770,"Shelby"
"771","18147",771,"Spencer"
"772","18149",772,"Starke"
"773","18151",773,"Steuben"
"774","18153",774,"Sullivan"
"775","18155",775,"Switzerland"
"776","18157",776,"Tippecanoe"
"777","18159",777,"Tipton"
"778","18161",778,"Union"
"779","18163",779,"Vanderburgh"
"780","18165",780,"Vermillion"
"781","18167",781,"Vigo"
"782","18169",782,"Wabash"
"783","18171",783,"Warren"
"784","18173",784,"Warrick"
"785","18175",785,"Washington"
"786","18177",786,"Wayne"
"787","18179",787,"Wells"
"788","18181",788,"White"
"789","18183",789,"Whitley"
"790","19001",790,"Adair"
"791","19003",791,"Adams"
"792","19005",792,"Allamakee"
"793","19007",793,"Appanoose"
"794","19009",794,"Audubon"
"795","19011",795,"Benton"
"796","19013",796,"Black Hawk"
"797","19015",797,"Boone"
"798","19017",798,"Bremer"
"799","19019",799,"Buchanan"
"800","19021",800,"Buena Vista"
"801","19023",801,"Butler"
"802","19025",802,"Calhoun"
"803","19027",803,"Carroll"
"804","19029",804,"Cass"
"805","19031",805,"Cedar"
"806","19033",806,"Cerro Gordo"
"807","19035",807,"Cherokee"
"808","19037",808,"Chickasaw"
"809","19039",809,"Clarke"
"810","19041",810,"Clay"
"811","19043",811,"Clayton"
"812","19045",812,"Clinton"
"813","19047",813,"Crawford"
"814","19049",814,"Dallas"
"815","19051",815,"Davis"
"816","19053",816,"Decatur"
"817","19055",817,"Delaware"
"818","19057",818,"Des Moines"
"819","19059",819,"Dickinson"
"820","19061",820,"Dubuque"
"821","19063",821,"Emmet"
"822","19065",822,"Fayette"
"823","19067",823,"Floyd"
"824","19069",824,"Franklin"
"825","19071",825,"Fremont"
"826","19073",826,"Greene"
"827","19075",827,"Grundy"
"828","19077",828,"Guthrie"
"829","19079",829,"Hamilton"
"830","19081",830,"Hancock"
"831","19083",831,"Hardin"
"832","19085",832,"Harrison"
"833","19087",833,"Henry"
"834","19089",834,"Howard"
"835","19091",835,"Humboldt"
"836","19093",836,"Ida"
"837","19095",837,"Iowa"
"838","19097",838,"Jackson"
"839","19099",839,"Jasper"
"840","19101",840,"Jefferson"
"841","19103",841,"Johnson"
"842","19105",842,"Jones"
"843","19107",843,"Keokuk"
"844","19109",844,"Kossuth"
"845","19111",845,"Lee"
"846","19113",846,"Linn"
"847","19115",847,"Louisa"
"848","19117",848,"Lucas"
"849","19119",849,"Lyon"
"850","19121",850,"Madison"
"851","19123",851,"Mahaska"
"852","19125",852,"Marion"
"853","19127",853,"Marshall"
"854","19129",854,"Mills"
"855","19131",855,"Mitchell"
"856","19133",856,"Monona"
"857","19135",857,"Monroe"
"858","19137",858,"Montgomery"
"859","19139",859,"Muscatine"
"860","19141",860,"O'Brien"
"861","19143",861,"Osceola"
"862","19145",862,"Page"
"863","19147",863,"Palo Alto"
"864","19149",864,"Plymouth"
"865","19151",865,"Pocahontas"
"866","19153",866,"Polk"
"867","19155",867,"Pottawattamie"
"868","19157",868,"Poweshiek"
"869","19159",869,"Ringgold"
"870","19161",870,"Sac"
"871","19163",871,"Scott"
"872","19165",872,"Shelby"
"873","19167",873,"Sioux"
"874","19169",874,"Story"
"875","19171",875,"Tama"
"876","19173",876,"Taylor"
"877","19175",877,"Union"
"878","19177",878,"Van Buren"
"879","19179",879,"Wapello"
"880","19181",880,"Warren"
"881","19183",881,"Washington"
"882","19185",882,"Wayne"
"883","19187",883,"Webster"
"884","19189",884,"Winnebago"
"885","19191",885,"Winneshiek"
"886","19193",886,"Woodbury"
"887","19195",887,"Worth"
"888","19197",888,"Wright"
"889","20001",889,"Allen"
"890","20003",890,"Anderson"
"891","20005",891,"Atchison"
"892","20007",892,"Barber"
"893","20009",893,"Barton"
"894","20011",894,"Bourbon"
"895","20013",895,"Brown"
"896","20015",896,"Butler"
"897","20017",897,"Chase"
"898","20019",898,"Chautauqua"
"899","20021",899,"Cherokee"
"900","20023",900,"Cheyenne"
"901","20025",901,"Clark"
"902","20027",902,"Clay"
"903","20029",903,"Cloud"
"904","20031",904,"Coffey"
"905","20033",905,"Comanche"
"906","20035",906,"Cowley"
"907","20037",907,"Crawford"
"908","20039",908,"Decatur"
"909","20041",909,"Dickinson"
"910","20043",910,"Doniphan"
"911","20045",911,"Douglas"
"912","20047",912,"Edwards"
"913","20049",913,"Elk"
"914","20051",914,"Ellis"
"915","20053",915,"Ellsworth"
"916","20055",916,"Finney"
"917","20057",917,"Ford"
"918","20059",918,"Franklin"
"919","20061",919,"Geary"
"920","20063",920,"Gove"
"921","20065",921,"Graham"
"922","20067",922,"Grant"
"923","20069",923,"Gray"
"924","20071",924,"Greeley"
"925","20073",925,"Greenwood"
"926","20075",926,"Hamilton"
"927","20077",927,"Harper"
"928","20079",928,"Harvey"
"929","20081",929,"Haskell"
"930","20083",930,"Hodgeman"
"931","20085",931,"Jackson"
"932","20087",932,"Jefferson"
"933","20089",933,"Jewell"
"934","20091",934,"Johnson"
"935","20093",935,"Kearny"
"936","20095",936,"Kingman"
"937","20097",937,"Kiowa"
"938","20099",938,"Labette"
"939","20101",939,"Lane"
"940","20103",940,"Leavenworth"
"941","20105",941,"Lincoln"
"942","20107",942,"Linn"
"943","20109",943,"Logan"
"944","20111",944,"Lyon"
"945","20113",945,"McPherson"
"946","20115",946,"Marion"
"947","20117",947,"Marshall"
"948","20119",948,"Meade"
"949","20121",949,"Miami"
"950","20123",950,"Mitchell"
"951","20125",951,"Montgomery"
"952","20127",952,"Morris"
"953","20129",953,"Morton"
"954","20131",954,"Nemaha"
"955","20133",955,"Neosho"
"956","20135",956,"Ness"
"957","20137",957,"Norton"
"958","20139",958,"Osage"
"959","20141",959,"Osborne"
"960","20143",960,"Ottawa"
"961","20145",961,"Pawnee"
"962","20147",962,"Phillips"
"963","20149",963,"Pottawatomie"
"964","20151",964,"Pratt"
"965","20153",965,"Rawlins"
"966","20155",966,"Reno"
"967","20157",967,"Republic"
"968","20159",968,"Rice"
"969","20161",969,"Riley"
"970","20163",970,"Rooks"
"971","20165",971,"Rush"
"972","20167",972,"Russell"
"973","20169",973,"Saline"
"974","20171",974,"Scott"
"975","20173",975,"Sedgwick"
"976","20175",976,"Seward"
"977","20177",977,"Shawnee"
"978","20179",978,"Sheridan"
"979","20181",979,"Sherman"
"980","20183",980,"Smith"
"981","20185",981,"Stafford"
"982","20187",982,"Stanton"
"983","20189",983,"Stevens"
"984","20191",984,"Sumner"
"985","20193",985,"Thomas"
"986","20195",986,"Trego"
"987","20197",987,"Wabaunsee"
"988","20199",988,"Wallace"
"989","20201",989,"Washington"
"990","20203",990,"Wichita"
"991","20205",991,"Wilson"
"992","20207",992,"Woodson"
"993","20209",993,"Wyandotte"
"994","21001",994,"Adair"
"995","21003",995,"Allen"
"996","21005",996,"Anderson"
"997","21007",997,"Ballard"
"998","21009",998,"Barren"
"999","21011",999,"Bath"
"1000","21013",1000,"Bell"
"1001","21015",1001,"Boone"
"1002","21017",1002,"Bourbon"
"1003","21019",1003,"Boyd"
"1004","21021",1004,"Boyle"
"1005","21023",1005,"Bracken"
"1006","21025",1006,"Breathitt"
"1007","21027",1007,"Breckinridge"
"1008","21029",1008,"Bullitt"
"1009","21031",1009,"Butler"
"1010","21033",1010,"Caldwell"
"1011","21035",1011,"Calloway"
"1012","21037",1012,"Campbell"
"1013","21039",1013,"Carlisle"
"1014","21041",1014,"Carroll"
"1015","21043",1015,"Carter"
"1016","21045",1016,"Casey"
"1017","21047",1017,"Christian"
"1018","21049",1018,"Clark"
"1019","21051",1019,"Clay"
"1020","21053",1020,"Clinton"
"1021","21055",1021,"Crittenden"
"1022","21057",1022,"Cumberland"
"1023","21059",1023,"Daviess"
"1024","21061",1024,"Edmonson"
"1025","21063",1025,"Elliott"
"1026","21065",1026,"Estill"
"1027","21067",1027,"Fayette"
"1028","21069",1028,"Fleming"
"1029","21071",1029,"Floyd"
"1030","21073",1030,"Franklin"
"1031","21075",1031,"Fulton"
"1032","21077",1032,"Gallatin"
"1033","21079",1033,"Garrard"
"1034","21081",1034,"Grant"
"1035","21083",1035,"Graves"
"1036","21085",1036,"Grayson"
"1037","21087",1037,"Green"
"1038","21089",1038,"Greenup"
"1039","21091",1039,"Hancock"
"1040","21093",1040,"Hardin"
"1041","21095",1041,"Harlan"
"1042","21097",1042,"Harrison"
"1043","21099",1043,"Hart"
"1044","21101",1044,"Henderson"
"1045","21103",1045,"Henry"
"1046","21105",1046,"Hickman"
"1047","21107",1047,"Hopkins"
"1048","21109",1048,"Jackson"
"1049","21111",1049,"Jefferson"
"1050","21113",1050,"Jessamine"
"1051","21115",1051,"Johnson"
"1052","21117",1052,"Kenton"
"1053","21119",1053,"Knott"
"1054","21121",1054,"Knox"
"1055","21123",1055,"Larue"
"1056","21125",1056,"Laurel"
"1057","21127",1057,"Lawrence"
"1058","21129",1058,"Lee"
"1059","21131",1059,"Leslie"
"1060","21133",1060,"Letcher"
"1061","21135",1061,"Lewis"
"1062","21137",1062,"Lincoln"
"1063","21139",1063,"Livingston"
"1064","21141",1064,"Logan"
"1065","21143",1065,"Lyon"
"1066","21145",1066,"McCracken"
"1067","21147",1067,"McCreary"
"1068","21149",1068,"McLean"
"1069","21151",1069,"Madison"
"1070","21153",1070,"Magoffin"
"1071","21155",1071,"Marion"
"1072","21157",1072,"Marshall"
"1073","21159",1073,"Martin"
"1074","21161",1074,"Mason"
"1075","21163",1075,"Meade"
"1076","21165",1076,"Menifee"
"1077","21167",1077,"Mercer"
"1078","21169",1078,"Metcalfe"
"1079","21171",1079,"Monroe"
"1080","21173",1080,"Montgomery"
"1081","21175",1081,"Morgan"
"1082","21177",1082,"Muhlenberg"
"1083","21179",1083,"Nelson"
"1084","21181",1084,"Nicholas"
"1085","21183",1085,"Ohio"
"1086","21185",1086,"Oldham"
"1087","21187",1087,"Owen"
"1088","21189",1088,"Owsley"
"1089","21191",1089,"Pendleton"
"1090","21193",1090,"Perry"
"1091","21195",1091,"Pike"
"1092","21197",1092,"Powell"
"1093","21199",1093,"Pulaski"
"1094","21201",1094,"Robertson"
"1095","21203",1095,"Rockcastle"
"1096","21205",1096,"Rowan"
"1097","21207",1097,"Russell"
"1098","21209",1098,"Scott"
"1099","21211",1099,"Shelby"
"1100","21213",1100,"Simpson"
"1101","21215",1101,"Spencer"
"1102","21217",1102,"Taylor"
"1103","21219",1103,"Todd"
"1104","21221",1104,"Trigg"
"1105","21223",1105,"Trimble"
"1106","21225",1106,"Union"
"1107","21227",1107,"Warren"
"1108","21229",1108,"Washington"
"1109","21231",1109,"Wayne"
"1110","21233",1110,"Webster"
"1111","21235",1111,"Whitley"
"1112","21237",1112,"Wolfe"
"1113","21239",1113,"Woodford"
"1114","22001",1114,"Acadia"
"1115","22003",1115,"Allen"
"1116","22005",1116,"Ascension"
"1117","22007",1117,"Assumption"
"1118","22009",1118,"Avoyelles"
"1119","22011",1119,"Beauregard"
"1120","22013",1120,"Bienville"
"1121","22015",1121,"Bossier"
"1122","22017",1122,"Caddo"
"1123","22019",1123,"Calcasieu"
"1124","22021",1124,"Caldwell"
"1125","22023",1125,"Cameron"
"1126","22025",1126,"Catahoula"
"1127","22027",1127,"Claiborne"
"1128","22029",1128,"Concordia"
"1129","22031",1129,"De Soto"
"1130","22033",1130,"East Baton Rouge"
"1131","22035",1131,"East Carroll"
"1132","22037",1132,"East Feliciana"
"1133","22039",1133,"Evangeline"
"1134","22041",1134,"Franklin"
"1135","22043",1135,"Grant"
"1136","22045",1136,"Iberia"
"1137","22047",1137,"Iberville"
"1138","22049",1138,"Jackson"
"1139","22051",1139,"Jefferson"
"1140","22053",1140,"Jefferson Davis"
"1141","22055",1141,"Lafayette"
"1142","22057",1142,"Lafourche"
"1143","22059",1143,"LaSalle"
"1144","22061",1144,"Lincoln"
"1145","22063",1145,"Livingston"
"1146","22065",1146,"Madison"
"1147","22067",1147,"Morehouse"
"1148","22069",1148,"Natchitoches"
"1149","22071",1149,"Orleans"
"1150","22073",1150,"Ouachita"
"1151","22075",1151,"Plaquemines"
"1152","22077",1152,"Pointe Coupee"
"1153","22079",1153,"Rapides"
"1154","22081",1154,"Red River"
"1155","22083",1155,"Richland"
"1156","22085",1156,"Sabine"
"1157","22087",1157,"St. Bernard"
"1158","22089",1158,"St. Charles"
"1159","22091",1159,"St. Helena"
"1160","22093",1160,"St. James"
"1161","22095",1161,"St. John the Baptist"
"1162","22097",1162,"St. Landry"
"1163","22099",1163,"St. Martin"
"1164","22101",1164,"St. Mary"
"1165","22103",1165,"St. Tammany"
"1166","22105",1166,"Tangipahoa"
"1167","22107",1167,"Tensas"
"1168","22109",1168,"Terrebonne"
"1169","22111",1169,"Union"
"1170","22113",1170,"Vermilion"
"1171","22115",1171,"Vernon"
"1172","22117",1172,"Washington"
"1173","22119",1173,"Webster"
"1174","22121",1174,"West Baton Rouge"
"1175","22123",1175,"West Carroll"
"1176","22125",1176,"West Feliciana"
"1177","22127",1177,"Winn"
"1178","23001",1178,"Androscoggin"
"1179","23003",1179,"Aroostook"
"1180","23005",1180,"Cumberland"
"1181","23007",1181,"Franklin"
"1182","23009",1182,"Hancock"
"1183","23011",1183,"Kennebec"
"1184","23013",1184,"Knox"
"1185","23015",1185,"Lincoln"
"1186","23017",1186,"Oxford"
"1187","23019",1187,"Penobscot"
"1188","23021",1188,"Piscataquis"
"1189","23023",1189,"Sagadahoc"
"1190","23025",1190,"Somerset"
"1191","23027",1191,"Waldo"
"1192","23029",1192,"Washington"
"1193","23031",1193,"York"
"1194","24001",1194,"Allegany"
"1195","24003",1195,"Anne Arundel"
"1196","24005",1196,"Baltimore"
"1197","24009",1197,"Calvert"
"1198","24011",1198,"Caroline"
"1199","24013",1199,"Carroll"
"1200","24015",1200,"Cecil"
"1201","24017",1201,"Charles"
"1202","24019",1202,"Dorchester"
"1203","24021",1203,"Frederick"
"1204","24023",1204,"Garrett"
"1205","24025",1205,"Harford"
"1206","24027",1206,"Howard"
"1207","24029",1207,"Kent"
"1208","24031",1208,"Montgomery"
"1209","24033",1209,"Prince George's"
"1210","24035",1210,"Queen Anne's"
"1211","24037",1211,"St. Mary's"
"1212","24039",1212,"Somerset"
"1213","24041",1213,"Talbot"
"1214","24043",1214,"Washington"
"1215","24045",1215,"Wicomico"
"1216","24047",1216,"Worcester"
"1217","24510",1217,"Baltimore"
"1218","25001",1218,"Barnstable"
"1219","25003",1219,"Berkshire"
"1220","25005",1220,"Bristol"
"1221","25007",1221,"Dukes"
"1222","25009",1222,"Essex"
"1223","25011",1223,"Franklin"
"1224","25013",1224,"Hampden"
"1225","25015",1225,"Hampshire"
"1226","25017",1226,"Middlesex"
"1227","25019",1227,"Nantucket"
"1228","25021",1228,"Norfolk"
"1229","25023",1229,"Plymouth"
"1230","25025",1230,"Suffolk"
"1231","25027",1231,"Worcester"
"1232","26001",1232,"Alcona"
"1233","26003",1233,"Alger"
"1234","26005",1234,"Allegan"
"1235","26007",1235,"Alpena"
"1236","26009",1236,"Antrim"
"1237","26011",1237,"Arenac"
"1238","26013",1238,"Baraga"
"1239","26015",1239,"Barry"
"1240","26017",1240,"Bay"
"1241","26019",1241,"Benzie"
"1242","26021",1242,"Berrien"
"1243","26023",1243,"Branch"
"1244","26025",1244,"Calhoun"
"1245","26027",1245,"Cass"
"1246","26029",1246,"Charlevoix"
"1247","26031",1247,"Cheboygan"
"1248","26033",1248,"Chippewa"
"1249","26035",1249,"Clare"
"1250","26037",1250,"Clinton"
"1251","26039",1251,"Crawford"
"1252","26041",1252,"Delta"
"1253","26043",1253,"Dickinson"
"1254","26045",1254,"Eaton"
"1255","26047",1255,"Emmet"
"1256","26049",1256,"Genesee"
"1257","26051",1257,"Gladwin"
"1258","26053",1258,"Gogebic"
"1259","26055",1259,"Grand Traverse"
"1260","26057",1260,"Gratiot"
"1261","26059",1261,"Hillsdale"
"1262","26061",1262,"Houghton"
"1263","26063",1263,"Huron"
"1264","26065",1264,"Ingham"
"1265","26067",1265,"Ionia"
"1266","26069",1266,"Iosco"
"1267","26071",1267,"Iron"
"1268","26073",1268,"Isabella"
"1269","26075",1269,"Jackson"
"1270","26077",1270,"Kalamazoo"
"1271","26079",1271,"Kalkaska"
"1272","26081",1272,"Kent"
"1273","26083",1273,"Keweenaw"
"1274","26085",1274,"Lake"
"1275","26087",1275,"Lapeer"
"1276","26089",1276,"Leelanau"
"1277","26091",1277,"Lenawee"
"1278","26093",1278,"Livingston"
"1279","26095",1279,"Luce"
"1280","26097",1280,"Mackinac"
"1281","26099",1281,"Macomb"
"1282","26101",1282,"Manistee"
"1283","26103",1283,"Marquette"
"1284","26105",1284,"Mason"
"1285","26107",1285,"Mecosta"
"1286","26109",1286,"Menominee"
"1287","26111",1287,"Midland"
"1288","26113",1288,"Missaukee"
"1289","26115",1289,"Monroe"
"1290","26117",1290,"Montcalm"
"1291","26119",1291,"Montmorency"
"1292","26121",1292,"Muskegon"
"1293","26123",1293,"Newaygo"
"1294","26125",1294,"Oakland"
"1295","26127",1295,"Oceana"
"1296","26129",1296,"Ogemaw"
"1297","26131",1297,"Ontonagon"
"1298","26133",1298,"Osceola"
"1299","26135",1299,"Oscoda"
"1300","26137",1300,"Otsego"
"1301","26139",1301,"Ottawa"
"1302","26141",1302,"Presque Isle"
"1303","26143",1303,"Roscommon"
"1304","26145",1304,"Saginaw"
"1305","26147",1305,"St. Clair"
"1306","26149",1306,"St. Joseph"
"1307","26151",1307,"Sanilac"
"1308","26153",1308,"Schoolcraft"
"1309","26155",1309,"Shiawassee"
"1310","26157",1310,"Tuscola"
"1311","26159",1311,"Van Buren"
"1312","26161",1312,"Washtenaw"
"1313","26163",1313,"Wayne"
"1314","26165",1314,"Wexford"
"1315","27001",1315,"Aitkin"
"1316","27003",1316,"Anoka"
"1317","27005",1317,"Becker"
"1318","27007",1318,"Beltrami"
"1319","27009",1319,"Benton"
"1320","27011",1320,"Big Stone"
"1321","27013",1321,"Blue Earth"
"1322","27015",1322,"Brown"
"1323","27017",1323,"Carlton"
"1324","27019",1324,"Carver"
"1325","27021",1325,"Cass"
"1326","27023",1326,"Chippewa"
"1327","27025",1327,"Chisago"
"1328","27027",1328,"Clay"
"1329","27029",1329,"Clearwater"
"1330","27031",1330,"Cook"
"1331","27033",1331,"Cottonwood"
"1332","27035",1332,"Crow Wing"
"1333","27037",1333,"Dakota"
"1334","27039",1334,"Dodge"
"1335","27041",1335,"Douglas"
"1336","27043",1336,"Faribault"
"1337","27045",1337,"Fillmore"
"1338","27047",1338,"Freeborn"
"1339","27049",1339,"Goodhue"
"1340","27051",1340,"Grant"
"1341","27053",1341,"Hennepin"
"1342","27055",1342,"Houston"
"1343","27057",1343,"Hubbard"
"1344","27059",1344,"Isanti"
"1345","27061",1345,"Itasca"
"1346","27063",1346,"Jackson"
"1347","27065",1347,"Kanabec"
"1348","27067",1348,"Kandiyohi"
"1349","27069",1349,"Kittson"
"1350","27071",1350,"Koochiching"
"1351","27073",1351,"Lac qui Parle"
"1352","27075",1352,"Lake"
"1353","27077",1353,"Lake of the Woods"
"1354","27079",1354,"Le Sueur"
"1355","27081",1355,"Lincoln"
"1356","27083",1356,"Lyon"
"1357","27085",1357,"McLeod"
"1358","27087",1358,"Mahnomen"
"1359","27089",1359,"Marshall"
"1360","27091",1360,"Martin"
"1361","27093",1361,"Meeker"
"1362","27095",1362,"Mille Lacs"
"1363","27097",1363,"Morrison"
"1364","27099",1364,"Mower"
"1365","27101",1365,"Murray"
"1366","27103",1366,"Nicollet"
"1367","27105",1367,"Nobles"
"1368","27107",1368,"Norman"
"1369","27109",1369,"Olmsted"
"1370","27111",1370,"Otter Tail"
"1371","27113",1371,"Pennington"
"1372","27115",1372,"Pine"
"1373","27117",1373,"Pipestone"
"1374","27119",1374,"Polk"
"1375","27121",1375,"Pope"
"1376","27123",1376,"Ramsey"
"1377","27125",1377,"Red Lake"
"1378","27127",1378,"Redwood"
"1379","27129",1379,"Renville"
"1380","27131",1380,"Rice"
"1381","27133",1381,"Rock"
"1382","27135",1382,"Roseau"
"1383","27137",1383,"St. Louis"
"1384","27139",1384,"Scott"
"1385","27141",1385,"Sherburne"
"1386","27143",1386,"Sibley"
"1387","27145",1387,"Stearns"
"1388","27147",1388,"Steele"
"1389","27149",1389,"Stevens"
"1390","27151",1390,"Swift"
"1391","27153",1391,"Todd"
"1392","27155",1392,"Traverse"
"1393","27157",1393,"Wabasha"
"1394","27159",1394,"Wadena"
"1395","27161",1395,"Waseca"
"1396","27163",1396,"Washington"
"1397","27165",1397,"Watonwan"
"1398","27167",1398,"Wilkin"
"1399","27169",1399,"Winona"
"1400","27171",1400,"Wright"
"1401","27173",1401,"Yellow Medicine"
"1402","28001",1402,"Adams"
"1403","28003",1403,"Alcorn"
"1404","28005",1404,"Amite"
"1405","28007",1405,"Attala"
"1406","28009",1406,"Benton"
"1407","28011",1407,"Bolivar"
"1408","28013",1408,"Calhoun"
"1409","28015",1409,"Carroll"
"1410","28017",1410,"Chickasaw"
"1411","28019",1411,"Choctaw"
"1412","28021",1412,"Claiborne"
"1413","28023",1413,"Clarke"
"1414","28025",1414,"Clay"
"1415","28027",1415,"Coahoma"
"1416","28029",1416,"Copiah"
"1417","28031",1417,"Covington"
"1418","28033",1418,"DeSoto"
"1419","28035",1419,"Forrest"
"1420","28037",1420,"Franklin"
"1421","28039",1421,"George"
"1422","28041",1422,"Greene"
"1423","28043",1423,"Grenada"
"1424","28045",1424,"Hancock"
"1425","28047",1425,"Harrison"
"1426","28049",1426,"Hinds"
"1427","28051",1427,"Holmes"
"1428","28053",1428,"Humphreys"
"1429","28055",1429,"Issaquena"
"1430","28057",1430,"Itawamba"
"1431","28059",1431,"Jackson"
"1432","28061",1432,"Jasper"
"1433","28063",1433,"Jefferson"
"1434","28065",1434,"Jefferson Davis"
"1435","28067",1435,"Jones"
"1436","28069",1436,"Kemper"
"1437","28071",1437,"Lafayette"
"1438","28073",1438,"Lamar"
"1439","28075",1439,"Lauderdale"
"1440","28077",1440,"Lawrence"
"1441","28079",1441,"Leake"
"1442","28081",1442,"Lee"
"1443","28083",1443,"Leflore"
"1444","28085",1444,"Lincoln"
"1445","28087",1445,"Lowndes"
"1446","28089",1446,"Madison"
"1447","28091",1447,"Marion"
"1448","28093",1448,"Marshall"
"1449","28095",1449,"Monroe"
"1450","28097",1450,"Montgomery"
"1451","28099",1451,"Neshoba"
"1452","28101",1452,"Newton"
"1453","28103",1453,"Noxubee"
"1454","28105",1454,"Oktibbeha"
"1455","28107",1455,"Panola"
"1456","28109",1456,"Pearl River"
"1457","28111",1457,"Perry"
"1458","28113",1458,"Pike"
"1459","28115",1459,"Pontotoc"
"1460","28117",1460,"Prentiss"
"1461","28119",1461,"Quitman"
"1462","28121",1462,"Rankin"
"1463","28123",1463,"Scott"
"1464","28125",1464,"Sharkey"
"1465","28127",1465,"Simpson"
"1466","28129",1466,"Smith"
"1467","28131",1467,"Stone"
"1468","28133",1468,"Sunflower"
"1469","28135",1469,"Tallahatchie"
"1470","28137",1470,"Tate"
"1471","28139",1471,"Tippah"
"1472","28141",1472,"Tishomingo"
"1473","28143",1473,"Tunica"
"1474","28145",1474,"Union"
"1475","28147",1475,"Walthall"
"1476","28149",1476,"Warren"
"1477","28151",1477,"Washington"
"1478","28153",1478,"Wayne"
"1479","28155",1479,"Webster"
"1480","28157",1480,"Wilkinson"
"1481","28159",1481,"Winston"
"1482","28161",1482,"Yalobusha"
"1483","28163",1483,"Yazoo"
"1484","29001",1484,"Adair"
"1485","29003",1485,"Andrew"
"1486","29005",1486,"Atchison"
"1487","29007",1487,"Audrain"
"1488","29009",1488,"Barry"
"1489","29011",1489,"Barton"
"1490","29013",1490,"Bates"
"1491","29015",1491,"Benton"
"1492","29017",1492,"Bollinger"
"1493","29019",1493,"Boone"
"1494","29021",1494,"Buchanan"
"1495","29023",1495,"Butler"
"1496","29025",1496,"Caldwell"
"1497","29027",1497,"Callaway"
"1498","29029",1498,"Camden"
"1499","29031",1499,"Cape Girardeau"
"1500","29033",1500,"Carroll"
"1501","29035",1501,"Carter"
"1502","29037",1502,"Cass"
"1503","29039",1503,"Cedar"
"1504","29041",1504,"Chariton"
"1505","29043",1505,"Christian"
"1506","29045",1506,"Clark"
"1507","29047",1507,"Clay"
"1508","29049",1508,"Clinton"
"1509","29051",1509,"Cole"
"1510","29053",1510,"Cooper"
"1511","29055",1511,"Crawford"
"1512","29057",1512,"Dade"
"1513","29059",1513,"Dallas"
"1514","29061",1514,"Daviess"
"1515","29063",1515,"DeKalb"
"1516","29065",1516,"Dent"
"1517","29067",1517,"Douglas"
"1518","29069",1518,"Dunklin"
"1519","29071",1519,"Franklin"
"1520","29073",1520,"Gasconade"
"1521","29075",1521,"Gentry"
"1522","29077",1522,"Greene"
"1523","29079",1523,"Grundy"
"1524","29081",1524,"Harrison"
"1525","29083",1525,"Henry"
"1526","29085",1526,"Hickory"
"1527","29087",1527,"Holt"
"1528","29089",1528,"Howard"
"1529","29091",1529,"Howell"
"1530","29093",1530,"Iron"
"1531","29095",1531,"Jackson"
"1532","29097",1532,"Jasper"
"1533","29099",1533,"Jefferson"
"1534","29101",1534,"Johnson"
"1535","29103",1535,"Knox"
"1536","29105",1536,"Laclede"
"1537","29107",1537,"Lafayette"
"1538","29109",1538,"Lawrence"
"1539","29111",1539,"Lewis"
"1540","29113",1540,"Lincoln"
"1541","29115",1541,"Linn"
"1542","29117",1542,"Livingston"
"1543","29119",1543,"McDonald"
"1544","29121",1544,"Macon"
"1545","29123",1545,"Madison"
"1546","29125",1546,"Maries"
"1547","29127",1547,"Marion"
"1548","29129",1548,"Mercer"
"1549","29131",1549,"Miller"
"1550","29133",1550,"Mississippi"
"1551","29135",1551,"Moniteau"
"1552","29137",1552,"Monroe"
"1553","29139",1553,"Montgomery"
"1554","29141",1554,"Morgan"
"1555","29143",1555,"New Madrid"
"1556","29145",1556,"Newton"
"1557","29147",1557,"Nodaway"
"1558","29149",1558,"Oregon"
"1559","29151",1559,"Osage"
"1560","29153",1560,"Ozark"
"1561","29155",1561,"Pemiscot"
"1562","29157",1562,"Perry"
"1563","29159",1563,"Pettis"
"1564","29161",1564,"Phelps"
"1565","29163",1565,"Pike"
"1566","29165",1566,"Platte"
"1567","29167",1567,"Polk"
"1568","29169",1568,"Pulaski"
"1569","29171",1569,"Putnam"
"1570","29173",1570,"Ralls"
"1571","29175",1571,"Randolph"
"1572","29177",1572,"Ray"
"1573","29179",1573,"Reynolds"
"1574","29181",1574,"Ripley"
"1575","29183",1575,"St. Charles"
"1576","29185",1576,"St. Clair"
"1577","29186",1577,"Ste. Genevieve"
"1578","29187",1578,"St. Francois"
"1579","29189",1579,"St. Louis"
"1580","29195",1580,"Saline"
"1581","29197",1581,"Schuyler"
"1582","29199",1582,"Scotland"
"1583","29201",1583,"Scott"
"1584","29203",1584,"Shannon"
"1585","29205",1585,"Shelby"
"1586","29207",1586,"Stoddard"
"1587","29209",1587,"Stone"
"1588","29211",1588,"Sullivan"
"1589","29213",1589,"Taney"
"1590","29215",1590,"Texas"
"1591","29217",1591,"Vernon"
"1592","29219",1592,"Warren"
"1593","29221",1593,"Washington"
"1594","29223",1594,"Wayne"
"1595","29225",1595,"Webster"
"1596","29227",1596,"Worth"
"1597","29229",1597,"Wright"
"1598","29510",1598,"St. Louis"
"1599","30001",1599,"Beaverhead"
"1600","30003",1600,"Big Horn"
"1601","30005",1601,"Blaine"
"1602","30007",1602,"Broadwater"
"1603","30009",1603,"Carbon"
"1604","30011",1604,"Carter"
"1605","30013",1605,"Cascade"
"1606","30015",1606,"Chouteau"
"1607","30017",1607,"Custer"
"1608","30019",1608,"Daniels"
"1609","30021",1609,"Dawson"
"1610","30023",1610,"Deer Lodge"
"1611","30025",1611,"Fallon"
"1612","30027",1612,"Fergus"
"1613","30029",1613,"Flathead"
"1614","30031",1614,"Gallatin"
"1615","30033",1615,"Garfield"
"1616","30035",1616,"Glacier"
"1617","30037",1617,"Golden Valley"
"1618","30039",1618,"Granite"
"1619","30041",1619,"Hill"
"1620","30043",1620,"Jefferson"
"1621","30045",1621,"Judith Basin"
"1622","30047",1622,"Lake"
"1623","30049",1623,"Lewis and Clark"
"1624","30051",1624,"Liberty"
"1625","30053",1625,"Lincoln"
"1626","30055",1626,"McCone"
"1627","30057",1627,"Madison"
"1628","30059",1628,"Meagher"
"1629","30061",1629,"Mineral"
"1630","30063",1630,"Missoula"
"1631","30065",1631,"Musselshell"
"1632","30067",1632,"Park"
"1633","30069",1633,"Petroleum"
"1634","30071",1634,"Phillips"
"1635","30073",1635,"Pondera"
"1636","30075",1636,"Powder River"
"1637","30077",1637,"Powell"
"1638","30079",1638,"Prairie"
"1639","30081",1639,"Ravalli"
"1640","30083",1640,"Richland"
"1641","30085",1641,"Roosevelt"
"1642","30087",1642,"Rosebud"
"1643","30089",1643,"Sanders"
"1644","30091",1644,"Sheridan"
"1645","30093",1645,"Silver Bow"
"1646","30095",1646,"Stillwater"
"1647","30097",1647,"Sweet Grass"
"1648","30099",1648,"Teton"
"1649","30101",1649,"Toole"
"1650","30103",1650,"Treasure"
"1651","30105",1651,"Valley"
"1652","30107",1652,"Wheatland"
"1653","30109",1653,"Wibaux"
"1654","30111",1654,"Yellowstone"
"1655","31001",1655,"Adams"
"1656","31003",1656,"Antelope"
"1657","31005",1657,"Arthur"
"1658","31007",1658,"Banner"
"1659","31009",1659,"Blaine"
"1660","31011",1660,"Boone"
"1661","31013",1661,"Box Butte"
"1662","31015",1662,"Boyd"
"1663","31017",1663,"Brown"
"1664","31019",1664,"Buffalo"
"1665","31021",1665,"Burt"
"1666","31023",1666,"Butler"
"1667","31025",1667,"Cass"
"1668","31027",1668,"Cedar"
"1669","31029",1669,"Chase"
"1670","31031",1670,"Cherry"
"1671","31033",1671,"Cheyenne"
"1672","31035",1672,"Clay"
"1673","31037",1673,"Colfax"
"1674","31039",1674,"Cuming"
"1675","31041",1675,"Custer"
"1676","31043",1676,"Dakota"
"1677","31045",1677,"Dawes"
"1678","31047",1678,"Dawson"
"1679","31049",1679,"Deuel"
"1680","31051",1680,"Dixon"
"1681","31053",1681,"Dodge"
"1682","31055",1682,"Douglas"
"1683","31057",1683,"Dundy"
"1684","31059",1684,"Fillmore"
"1685","31061",1685,"Franklin"
"1686","31063",1686,"Frontier"
"1687","31065",1687,"Furnas"
"1688","31067",1688,"Gage"
"1689","31069",1689,"Garden"
"1690","31071",1690,"Garfield"
"1691","31073",1691,"Gosper"
"1692","31075",1692,"Grant"
"1693","31077",1693,"Greeley"
"1694","31079",1694,"Hall"
"1695","31081",1695,"Hamilton"
"1696","31083",1696,"Harlan"
"1697","31085",1697,"Hayes"
"1698","31087",1698,"Hitchcock"
"1699","31089",1699,"Holt"
"1700","31091",1700,"Hooker"
"1701","31093",1701,"Howard"
"1702","31095",1702,"Jefferson"
"1703","31097",1703,"Johnson"
"1704","31099",1704,"Kearney"
"1705","31101",1705,"Keith"
"1706","31103",1706,"Keya Paha"
"1707","31105",1707,"Kimball"
"1708","31107",1708,"Knox"
"1709","31109",1709,"Lancaster"
"1710","31111",1710,"Lincoln"
"1711","31113",1711,"Logan"
"1712","31115",1712,"Loup"
"1713","31117",1713,"McPherson"
"1714","31119",1714,"Madison"
"1715","31121",1715,"Merrick"
"1716","31123",1716,"Morrill"
"1717","31125",1717,"Nance"
"1718","31127",1718,"Nemaha"
"1719","31129",1719,"Nuckolls"
"1720","31131",1720,"Otoe"
"1721","31133",1721,"Pawnee"
"1722","31135",1722,"Perkins"
"1723","31137",1723,"Phelps"
"1724","31139",1724,"Pierce"
"1725","31141",1725,"Platte"
"1726","31143",1726,"Polk"
"1727","31145",1727,"Red Willow"
"1728","31147",1728,"Richardson"
"1729","31149",1729,"Rock"
"1730","31151",1730,"Saline"
"1731","31153",1731,"Sarpy"
"1732","31155",1732,"Saunders"
"1733","31157",1733,"Scotts Bluff"
"1734","31159",1734,"Seward"
"1735","31161",1735,"Sheridan"
"1736","31163",1736,"Sherman"
"1737","31165",1737,"Sioux"
"1738","31167",1738,"Stanton"
"1739","31169",1739,"Thayer"
"1740","31171",1740,"Thomas"
"1741","31173",1741,"Thurston"
"1742","31175",1742,"Valley"
"1743","31177",1743,"Washington"
"1744","31179",1744,"Wayne"
"1745","31181",1745,"Webster"
"1746","31183",1746,"Wheeler"
"1747","31185",1747,"York"
"1748","32001",1748,"Churchill"
"1749","32003",1749,"Clark"
"1750","32005",1750,"Douglas"
"1751","32007",1751,"Elko"
"1752","32009",1752,"Esmeralda"
"1753","32011",1753,"Eureka"
"1754","32013",1754,"Humboldt"
"1755","32015",1755,"Lander"
"1756","32017",1756,"Lincoln"
"1757","32019",1757,"Lyon"
"1758","32021",1758,"Mineral"
"1759","32023",1759,"Nye"
"1760","32027",1760,"Pershing"
"1761","32029",1761,"Storey"
"1762","32031",1762,"Washoe"
"1763","32033",1763,"White Pine"
"1764","32510",1764,"Carson City"
"1765","33001",1765,"Belknap"
"1766","33003",1766,"Carroll"
"1767","33005",1767,"Cheshire"
"1768","33007",1768,"Coos"
"1769","33009",1769,"Grafton"
"1770","33011",1770,"Hillsborough"
"1771","33013",1771,"Merrimack"
"1772","33015",1772,"Rockingham"
"1773","33017",1773,"Strafford"
"1774","33019",1774,"Sullivan"
"1775","34001",1775,"Atlantic"
"1776","34003",1776,"Bergen"
"1777","34005",1777,"Burlington"
"1778","34007",1778,"Camden"
"1779","34009",1779,"Cape May"
"1780","34011",1780,"Cumberland"
"1781","34013",1781,"Essex"
"1782","34015",1782,"Gloucester"
"1783","34017",1783,"Hudson"
"1784","34019",1784,"Hunterdon"
"1785","34021",1785,"Mercer"
"1786","34023",1786,"Middlesex"
"1787","34025",1787,"Monmouth"
"1788","34027",1788,"Morris"
"1789","34029",1789,"Ocean"
"1790","34031",1790,"Passaic"
"1791","34033",1791,"Salem"
"1792","34035",1792,"Somerset"
"1793","34037",1793,"Sussex"
"1794","34039",1794,"Union"
"1795","34041",1795,"Warren"
"1796","35001",1796,"Bernalillo"
"1797","35003",1797,"Catron"
"1798","35005",1798,"Chaves"
"1799","35006",1799,"Cibola"
"1800","35007",1800,"Colfax"
"1801","35009",1801,"Curry"
"1802","35011",1802,"De Baca"
"1803","35013",1803,"Doa Ana"
"1804","35015",1804,"Eddy"
"1805","35017",1805,"Grant"
"1806","35019",1806,"Guadalupe"
"1807","35021",1807,"Harding"
"1808","35023",1808,"Hidalgo"
"1809","35025",1809,"Lea"
"1810","35027",1810,"Lincoln"
"1811","35028",1811,"Los Alamos"
"1812","35029",1812,"Luna"
"1813","35031",1813,"McKinley"
"1814","35033",1814,"Mora"
"1815","35035",1815,"Otero"
"1816","35037",1816,"Quay"
"1817","35039",1817,"Rio Arriba"
"1818","35041",1818,"Roosevelt"
"1819","35043",1819,"Sandoval"
"1820","35045",1820,"San Juan"
"1821","35047",1821,"San Miguel"
"1822","35049",1822,"Santa Fe"
"1823","35051",1823,"Sierra"
"1824","35053",1824,"Socorro"
"1825","35055",1825,"Taos"
"1826","35057",1826,"Torrance"
"1827","35059",1827,"Union"
"1828","35061",1828,"Valencia"
"1829","36001",1829,"Albany"
"1830","36003",1830,"Allegany"
"1831","36005",1831,"Bronx"
"1832","36007",1832,"Broome"
"1833","36009",1833,"Cattaraugus"
"1834","36011",1834,"Cayuga"
"1835","36013",1835,"Chautauqua"
"1836","36015",1836,"Chemung"
"1837","36017",1837,"Chenango"
"1838","36019",1838,"Clinton"
"1839","36021",1839,"Columbia"
"1840","36023",1840,"Cortland"
"1841","36025",1841,"Delaware"
"1842","36027",1842,"Dutchess"
"1843","36029",1843,"Erie"
"1844","36031",1844,"Essex"
"1845","36033",1845,"Franklin"
"1846","36035",1846,"Fulton"
"1847","36037",1847,"Genesee"
"1848","36039",1848,"Greene"
"1849","36041",1849,"Hamilton"
"1850","36043",1850,"Herkimer"
"1851","36045",1851,"Jefferson"
"1852","36047",1852,"Kings"
"1853","36049",1853,"Lewis"
"1854","36051",1854,"Livingston"
"1855","36053",1855,"Madison"
"1856","36055",1856,"Monroe"
"1857","36057",1857,"Montgomery"
"1858","36059",1858,"Nassau"
"1859","36061",1859,"New York"
"1860","36063",1860,"Niagara"
"1861","36065",1861,"Oneida"
"1862","36067",1862,"Onondaga"
"1863","36069",1863,"Ontario"
"1864","36071",1864,"Orange"
"1865","36073",1865,"Orleans"
"1866","36075",1866,"Oswego"
"1867","36077",1867,"Otsego"
"1868","36079",1868,"Putnam"
"1869","36081",1869,"Queens"
"1870","36083",1870,"Rensselaer"
"1871","36085",1871,"Richmond"
"1872","36087",1872,"Rockland"
"1873","36089",1873,"St. Lawrence"
"1874","36091",1874,"Saratoga"
"1875","36093",1875,"Schenectady"
"1876","36095",1876,"Schoharie"
"1877","36097",1877,"Schuyler"
"1878","36099",1878,"Seneca"
"1879","36101",1879,"Steuben"
"1880","36103",1880,"Suffolk"
"1881","36105",1881,"Sullivan"
"1882","36107",1882,"Tioga"
"1883","36109",1883,"Tompkins"
"1884","36111",1884,"Ulster"
"1885","36113",1885,"Warren"
"1886","36115",1886,"Washington"
"1887","36117",1887,"Wayne"
"1888","36119",1888,"Westchester"
"1889","36121",1889,"Wyoming"
"1890","36123",1890,"Yates"
"1891","37001",1891,"Alamance"
"1892","37003",1892,"Alexander"
"1893","37005",1893,"Alleghany"
"1894","37007",1894,"Anson"
"1895","37009",1895,"Ashe"
"1896","37011",1896,"Avery"
"1897","37013",1897,"Beaufort"
"1898","37015",1898,"Bertie"
"1899","37017",1899,"Bladen"
"1900","37019",1900,"Brunswick"
"1901","37021",1901,"Buncombe"
"1902","37023",1902,"Burke"
"1903","37025",1903,"Cabarrus"
"1904","37027",1904,"Caldwell"
"1905","37029",1905,"Camden"
"1906","37031",1906,"Carteret"
"1907","37033",1907,"Caswell"
"1908","37035",1908,"Catawba"
"1909","37037",1909,"Chatham"
"1910","37039",1910,"Cherokee"
"1911","37041",1911,"Chowan"
"1912","37043",1912,"Clay"
"1913","37045",1913,"Cleveland"
"1914","37047",1914,"Columbus"
"1915","37049",1915,"Craven"
"1916","37051",1916,"Cumberland"
"1917","37053",1917,"Currituck"
"1918","37055",1918,"Dare"
"1919","37057",1919,"Davidson"
"1920","37059",1920,"Davie"
"1921","37061",1921,"Duplin"
"1922","37063",1922,"Durham"
"1923","37065",1923,"Edgecombe"
"1924","37067",1924,"Forsyth"
"1925","37069",1925,"Franklin"
"1926","37071",1926,"Gaston"
"1927","37073",1927,"Gates"
"1928","37075",1928,"Graham"
"1929","37077",1929,"Granville"
"1930","37079",1930,"Greene"
"1931","37081",1931,"Guilford"
"1932","37083",1932,"Halifax"
"1933","37085",1933,"Harnett"
"1934","37087",1934,"Haywood"
"1935","37089",1935,"Henderson"
"1936","37091",1936,"Hertford"
"1937","37093",1937,"Hoke"
"1938","37095",1938,"Hyde"
"1939","37097",1939,"Iredell"
"1940","37099",1940,"Jackson"
"1941","37101",1941,"Johnston"
"1942","37103",1942,"Jones"
"1943","37105",1943,"Lee"
"1944","37107",1944,"Lenoir"
"1945","37109",1945,"Lincoln"
"1946","37111",1946,"McDowell"
"1947","37113",1947,"Macon"
"1948","37115",1948,"Madison"
"1949","37117",1949,"Martin"
"1950","37119",1950,"Mecklenburg"
"1951","37121",1951,"Mitchell"
"1952","37123",1952,"Montgomery"
"1953","37125",1953,"Moore"
"1954","37127",1954,"Nash"
"1955","37129",1955,"New Hanover"
"1956","37131",1956,"Northampton"
"1957","37133",1957,"Onslow"
"1958","37135",1958,"Orange"
"1959","37137",1959,"Pamlico"
"1960","37139",1960,"Pasquotank"
"1961","37141",1961,"Pender"
"1962","37143",1962,"Perquimans"
"1963","37145",1963,"Person"
"1964","37147",1964,"Pitt"
"1965","37149",1965,"Polk"
"1966","37151",1966,"Randolph"
"1967","37153",1967,"Richmond"
"1968","37155",1968,"Robeson"
"1969","37157",1969,"Rockingham"
"1970","37159",1970,"Rowan"
"1971","37161",1971,"Rutherford"
"1972","37163",1972,"Sampson"
"1973","37165",1973,"Scotland"
"1974","37167",1974,"Stanly"
"1975","37169",1975,"Stokes"
"1976","37171",1976,"Surry"
"1977","37173",1977,"Swain"
"1978","37175",1978,"Transylvania"
"1979","37177",1979,"Tyrrell"
"1980","37179",1980,"Union"
"1981","37181",1981,"Vance"
"1982","37183",1982,"Wake"
"1983","37185",1983,"Warren"
"1984","37187",1984,"Washington"
"1985","37189",1985,"Watauga"
"1986","37191",1986,"Wayne"
"1987","37193",1987,"Wilkes"
"1988","37195",1988,"Wilson"
"1989","37197",1989,"Yadkin"
"1990","37199",1990,"Yancey"
"1991","38001",1991,"Adams"
"1992","38003",1992,"Barnes"
"1993","38005",1993,"Benson"
"1994","38007",1994,"Billings"
"1995","38009",1995,"Bottineau"
"1996","38011",1996,"Bowman"
"1997","38013",1997,"Burke"
"1998","38015",1998,"Burleigh"
"1999","38017",1999,"Cass"
"2000","38019",2000,"Cavalier"
"2001","38021",2001,"Dickey"
"2002","38023",2002,"Divide"
"2003","38025",2003,"Dunn"
"2004","38027",2004,"Eddy"
"2005","38029",2005,"Emmons"
"2006","38031",2006,"Foster"
"2007","38033",2007,"Golden Valley"
"2008","38035",2008,"Grand Forks"
"2009","38037",2009,"Grant"
"2010","38039",2010,"Griggs"
"2011","38041",2011,"Hettinger"
"2012","38043",2012,"Kidder"
"2013","38045",2013,"LaMoure"
"2014","38047",2014,"Logan"
"2015","38049",2015,"McHenry"
"2016","38051",2016,"McIntosh"
"2017","38053",2017,"McKenzie"
"2018","38055",2018,"McLean"
"2019","38057",2019,"Mercer"
"2020","38059",2020,"Morton"
"2021","38061",2021,"Mountrail"
"2022","38063",2022,"Nelson"
"2023","38065",2023,"Oliver"
"2024","38067",2024,"Pembina"
"2025","38069",2025,"Pierce"
"2026","38071",2026,"Ramsey"
"2027","38073",2027,"Ransom"
"2028","38075",2028,"Renville"
"2029","38077",2029,"Richland"
"2030","38079",2030,"Rolette"
"2031","38081",2031,"Sargent"
"2032","38083",2032,"Sheridan"
"2033","38085",2033,"Sioux"
"2034","38087",2034,"Slope"
"2035","38089",2035,"Stark"
"2036","38091",2036,"Steele"
"2037","38093",2037,"Stutsman"
"2038","38095",2038,"Towner"
"2039","38097",2039,"Traill"
"2040","38099",2040,"Walsh"
"2041","38101",2041,"Ward"
"2042","38103",2042,"Wells"
"2043","38105",2043,"Williams"
"2044","39001",2044,"Adams"
"2045","39003",2045,"Allen"
"2046","39005",2046,"Ashland"
"2047","39007",2047,"Ashtabula"
"2048","39009",2048,"Athens"
"2049","39011",2049,"Auglaize"
"2050","39013",2050,"Belmont"
"2051","39015",2051,"Brown"
"2052","39017",2052,"Butler"
"2053","39019",2053,"Carroll"
"2054","39021",2054,"Champaign"
"2055","39023",2055,"Clark"
"2056","39025",2056,"Clermont"
"2057","39027",2057,"Clinton"
"2058","39029",2058,"Columbiana"
"2059","39031",2059,"Coshocton"
"2060","39033",2060,"Crawford"
"2061","39035",2061,"Cuyahoga"
"2062","39037",2062,"Darke"
"2063","39039",2063,"Defiance"
"2064","39041",2064,"Delaware"
"2065","39043",2065,"Erie"
"2066","39045",2066,"Fairfield"
"2067","39047",2067,"Fayette"
"2068","39049",2068,"Franklin"
"2069","39051",2069,"Fulton"
"2070","39053",2070,"Gallia"
"2071","39055",2071,"Geauga"
"2072","39057",2072,"Greene"
"2073","39059",2073,"Guernsey"
"2074","39061",2074,"Hamilton"
"2075","39063",2075,"Hancock"
"2076","39065",2076,"Hardin"
"2077","39067",2077,"Harrison"
"2078","39069",2078,"Henry"
"2079","39071",2079,"Highland"
"2080","39073",2080,"Hocking"
"2081","39075",2081,"Holmes"
"2082","39077",2082,"Huron"
"2083","39079",2083,"Jackson"
"2084","39081",2084,"Jefferson"
"2085","39083",2085,"Knox"
"2086","39085",2086,"Lake"
"2087","39087",2087,"Lawrence"
"2088","39089",2088,"Licking"
"2089","39091",2089,"Logan"
"2090","39093",2090,"Lorain"
"2091","39095",2091,"Lucas"
"2092","39097",2092,"Madison"
"2093","39099",2093,"Mahoning"
"2094","39101",2094,"Marion"
"2095","39103",2095,"Medina"
"2096","39105",2096,"Meigs"
"2097","39107",2097,"Mercer"
"2098","39109",2098,"Miami"
"2099","39111",2099,"Monroe"
"2100","39113",2100,"Montgomery"
"2101","39115",2101,"Morgan"
"2102","39117",2102,"Morrow"
"2103","39119",2103,"Muskingum"
"2104","39121",2104,"Noble"
"2105","39123",2105,"Ottawa"
"2106","39125",2106,"Paulding"
"2107","39127",2107,"Perry"
"2108","39129",2108,"Pickaway"
"2109","39131",2109,"Pike"
"2110","39133",2110,"Portage"
"2111","39135",2111,"Preble"
"2112","39137",2112,"Putnam"
"2113","39139",2113,"Richland"
"2114","39141",2114,"Ross"
"2115","39143",2115,"Sandusky"
"2116","39145",2116,"Scioto"
"2117","39147",2117,"Seneca"
"2118","39149",2118,"Shelby"
"2119","39151",2119,"Stark"
"2120","39153",2120,"Summit"
"2121","39155",2121,"Trumbull"
"2122","39157",2122,"Tuscarawas"
"2123","39159",2123,"Union"
"2124","39161",2124,"Van Wert"
"2125","39163",2125,"Vinton"
"2126","39165",2126,"Warren"
"2127","39167",2127,"Washington"
"2128","39169",2128,"Wayne"
"2129","39171",2129,"Williams"
"2130","39173",2130,"Wood"
"2131","39175",2131,"Wyandot"
"2132","40001",2132,"Adair"
"2133","40003",2133,"Alfalfa"
"2134","40005",2134,"Atoka"
"2135","40007",2135,"Beaver"
"2136","40009",2136,"Beckham"
"2137","40011",2137,"Blaine"
"2138","40013",2138,"Bryan"
"2139","40015",2139,"Caddo"
"2140","40017",2140,"Canadian"
"2141","40019",2141,"Carter"
"2142","40021",2142,"Cherokee"
"2143","40023",2143,"Choctaw"
"2144","40025",2144,"Cimarron"
"2145","40027",2145,"Cleveland"
"2146","40029",2146,"Coal"
"2147","40031",2147,"Comanche"
"2148","40033",2148,"Cotton"
"2149","40035",2149,"Craig"
"2150","40037",2150,"Creek"
"2151","40039",2151,"Custer"
"2152","40041",2152,"Delaware"
"2153","40043",2153,"Dewey"
"2154","40045",2154,"Ellis"
"2155","40047",2155,"Garfield"
"2156","40049",2156,"Garvin"
"2157","40051",2157,"Grady"
"2158","40053",2158,"Grant"
"2159","40055",2159,"Greer"
"2160","40057",2160,"Harmon"
"2161","40059",2161,"Harper"
"2162","40061",2162,"Haskell"
"2163","40063",2163,"Hughes"
"2164","40065",2164,"Jackson"
"2165","40067",2165,"Jefferson"
"2166","40069",2166,"Johnston"
"2167","40071",2167,"Kay"
"2168","40073",2168,"Kingfisher"
"2169","40075",2169,"Kiowa"
"2170","40077",2170,"Latimer"
"2171","40079",2171,"Le Flore"
"2172","40081",2172,"Lincoln"
"2173","40083",2173,"Logan"
"2174","40085",2174,"Love"
"2175","40087",2175,"McClain"
"2176","40089",2176,"McCurtain"
"2177","40091",2177,"McIntosh"
"2178","40093",2178,"Major"
"2179","40095",2179,"Marshall"
"2180","40097",2180,"Mayes"
"2181","40099",2181,"Murray"
"2182","40101",2182,"Muskogee"
"2183","40103",2183,"Noble"
"2184","40105",2184,"Nowata"
"2185","40107",2185,"Okfuskee"
"2186","40109",2186,"Oklahoma"
"2187","40111",2187,"Okmulgee"
"2188","40113",2188,"Osage"
"2189","40115",2189,"Ottawa"
"2190","40117",2190,"Pawnee"
"2191","40119",2191,"Payne"
"2192","40121",2192,"Pittsburg"
"2193","40123",2193,"Pontotoc"
"2194","40125",2194,"Pottawatomie"
"2195","40127",2195,"Pushmataha"
"2196","40129",2196,"Roger Mills"
"2197","40131",2197,"Rogers"
"2198","40133",2198,"Seminole"
"2199","40135",2199,"Sequoyah"
"2200","40137",2200,"Stephens"
"2201","40139",2201,"Texas"
"2202","40141",2202,"Tillman"
"2203","40143",2203,"Tulsa"
"2204","40145",2204,"Wagoner"
"2205","40147",2205,"Washington"
"2206","40149",2206,"Washita"
"2207","40151",2207,"Woods"
"2208","40153",2208,"Woodward"
"2209","41001",2209,"Baker"
"2210","41003",2210,"Benton"
"2211","41005",2211,"Clackamas"
"2212","41007",2212,"Clatsop"
"2213","41009",2213,"Columbia"
"2214","41011",2214,"Coos"
"2215","41013",2215,"Crook"
"2216","41015",2216,"Curry"
"2217","41017",2217,"Deschutes"
"2218","41019",2218,"Douglas"
"2219","41021",2219,"Gilliam"
"2220","41023",2220,"Grant"
"2221","41025",2221,"Harney"
"2222","41027",2222,"Hood River"
"2223","41029",2223,"Jackson"
"2224","41031",2224,"Jefferson"
"2225","41033",2225,"Josephine"
"2226","41035",2226,"Klamath"
"2227","41037",2227,"Lake"
"2228","41039",2228,"Lane"
"2229","41041",2229,"Lincoln"
"2230","41043",2230,"Linn"
"2231","41045",2231,"Malheur"
"2232","41047",2232,"Marion"
"2233","41049",2233,"Morrow"
"2234","41051",2234,"Multnomah"
"2235","41053",2235,"Polk"
"2236","41055",2236,"Sherman"
"2237","41057",2237,"Tillamook"
"2238","41059",2238,"Umatilla"
"2239","41061",2239,"Union"
"2240","41063",2240,"Wallowa"
"2241","41065",2241,"Wasco"
"2242","41067",2242,"Washington"
"2243","41069",2243,"Wheeler"
"2244","41071",2244,"Yamhill"
"2245","42001",2245,"Adams"
"2246","42003",2246,"Allegheny"
"2247","42005",2247,"Armstrong"
"2248","42007",2248,"Beaver"
"2249","42009",2249,"Bedford"
"2250","42011",2250,"Berks"
"2251","42013",2251,"Blair"
"2252","42015",2252,"Bradford"
"2253","42017",2253,"Bucks"
"2254","42019",2254,"Butler"
"2255","42021",2255,"Cambria"
"2256","42023",2256,"Cameron"
"2257","42025",2257,"Carbon"
"2258","42027",2258,"Centre"
"2259","42029",2259,"Chester"
"2260","42031",2260,"Clarion"
"2261","42033",2261,"Clearfield"
"2262","42035",2262,"Clinton"
"2263","42037",2263,"Columbia"
"2264","42039",2264,"Crawford"
"2265","42041",2265,"Cumberland"
"2266","42043",2266,"Dauphin"
"2267","42045",2267,"Delaware"
"2268","42047",2268,"Elk"
"2269","42049",2269,"Erie"
"2270","42051",2270,"Fayette"
"2271","42053",2271,"Forest"
"2272","42055",2272,"Franklin"
"2273","42057",2273,"Fulton"
"2274","42059",2274,"Greene"
"2275","42061",2275,"Huntingdon"
"2276","42063",2276,"Indiana"
"2277","42065",2277,"Jefferson"
"2278","42067",2278,"Juniata"
"2279","42069",2279,"Lackawanna"
"2280","42071",2280,"Lancaster"
"2281","42073",2281,"Lawrence"
"2282","42075",2282,"Lebanon"
"2283","42077",2283,"Lehigh"
"2284","42079",2284,"Luzerne"
"2285","42081",2285,"Lycoming"
"2286","42083",2286,"McKean"
"2287","42085",2287,"Mercer"
"2288","42087",2288,"Mifflin"
"2289","42089",2289,"Monroe"
"2290","42091",2290,"Montgomery"
"2291","42093",2291,"Montour"
"2292","42095",2292,"Northampton"
"2293","42097",2293,"Northumberland"
"2294","42099",2294,"Perry"
"2295","42101",2295,"Philadelphia"
"2296","42103",2296,"Pike"
"2297","42105",2297,"Potter"
"2298","42107",2298,"Schuylkill"
"2299","42109",2299,"Snyder"
"2300","42111",2300,"Somerset"
"2301","42113",2301,"Sullivan"
"2302","42115",2302,"Susquehanna"
"2303","42117",2303,"Tioga"
"2304","42119",2304,"Union"
"2305","42121",2305,"Venango"
"2306","42123",2306,"Warren"
"2307","42125",2307,"Washington"
"2308","42127",2308,"Wayne"
"2309","42129",2309,"Westmoreland"
"2310","42131",2310,"Wyoming"
"2311","42133",2311,"York"
"2312","44001",2312,"Bristol"
"2313","44003",2313,"Kent"
"2314","44005",2314,"Newport"
"2315","44007",2315,"Providence"
"2316","44009",2316,"Washington"
"2317","45001",2317,"Abbeville"
"2318","45003",2318,"Aiken"
"2319","45005",2319,"Allendale"
"2320","45007",2320,"Anderson"
"2321","45009",2321,"Bamberg"
"2322","45011",2322,"Barnwell"
"2323","45013",2323,"Beaufort"
"2324","45015",2324,"Berkeley"
"2325","45017",2325,"Calhoun"
"2326","45019",2326,"Charleston"
"2327","45021",2327,"Cherokee"
"2328","45023",2328,"Chester"
"2329","45025",2329,"Chesterfield"
"2330","45027",2330,"Clarendon"
"2331","45029",2331,"Colleton"
"2332","45031",2332,"Darlington"
"2333","45033",2333,"Dillon"
"2334","45035",2334,"Dorchester"
"2335","45037",2335,"Edgefield"
"2336","45039",2336,"Fairfield"
"2337","45041",2337,"Florence"
"2338","45043",2338,"Georgetown"
"2339","45045",2339,"Greenville"
"2340","45047",2340,"Greenwood"
"2341","45049",2341,"Hampton"
"2342","45051",2342,"Horry"
"2343","45053",2343,"Jasper"
"2344","45055",2344,"Kershaw"
"2345","45057",2345,"Lancaster"
"2346","45059",2346,"Laurens"
"2347","45061",2347,"Lee"
"2348","45063",2348,"Lexington"
"2349","45065",2349,"McCormick"
"2350","45067",2350,"Marion"
"2351","45069",2351,"Marlboro"
"2352","45071",2352,"Newberry"
"2353","45073",2353,"Oconee"
"2354","45075",2354,"Orangeburg"
"2355","45077",2355,"Pickens"
"2356","45079",2356,"Richland"
"2357","45081",2357,"Saluda"
"2358","45083",2358,"Spartanburg"
"2359","45085",2359,"Sumter"
"2360","45087",2360,"Union"
"2361","45089",2361,"Williamsburg"
"2362","45091",2362,"York"
"2363","46003",2363,"Aurora"
"2364","46005",2364,"Beadle"
"2365","46007",2365,"Bennett"
"2366","46009",2366,"Bon Homme"
"2367","46011",2367,"Brookings"
"2368","46013",2368,"Brown"
"2369","46015",2369,"Brule"
"2370","46017",2370,"Buffalo"
"2371","46019",2371,"Butte"
"2372","46021",2372,"Campbell"
"2373","46023",2373,"Charles Mix"
"2374","46025",2374,"Clark"
"2375","46027",2375,"Clay"
"2376","46029",2376,"Codington"
"2377","46031",2377,"Corson"
"2378","46033",2378,"Custer"
"2379","46035",2379,"Davison"
"2380","46037",2380,"Day"
"2381","46039",2381,"Deuel"
"2382","46041",2382,"Dewey"
"2383","46043",2383,"Douglas"
"2384","46045",2384,"Edmunds"
"2385","46047",2385,"Fall River"
"2386","46049",2386,"Faulk"
"2387","46051",2387,"Grant"
"2388","46053",2388,"Gregory"
"2389","46055",2389,"Haakon"
"2390","46057",2390,"Hamlin"
"2391","46059",2391,"Hand"
"2392","46061",2392,"Hanson"
"2393","46063",2393,"Harding"
"2394","46065",2394,"Hughes"
"2395","46067",2395,"Hutchinson"
"2396","46069",2396,"Hyde"
"2397","46071",2397,"Jackson"
"2398","46073",2398,"Jerauld"
"2399","46075",2399,"Jones"
"2400","46077",2400,"Kingsbury"
"2401","46079",2401,"Lake"
"2402","46081",2402,"Lawrence"
"2403","46083",2403,"Lincoln"
"2404","46085",2404,"Lyman"
"2405","46087",2405,"McCook"
"2406","46089",2406,"McPherson"
"2407","46091",2407,"Marshall"
"2408","46093",2408,"Meade"
"2409","46095",2409,"Mellette"
"2410","46097",2410,"Miner"
"2411","46099",2411,"Minnehaha"
"2412","46101",2412,"Moody"
"2413","46102",2413,"Oglala Lakota"
"2414","46103",2414,"Pennington"
"2415","46105",2415,"Perkins"
"2416","46107",2416,"Potter"
"2417","46109",2417,"Roberts"
"2418","46111",2418,"Sanborn"
"2419","46115",2419,"Spink"
"2420","46117",2420,"Stanley"
"2421","46119",2421,"Sully"
"2422","46121",2422,"Todd"
"2423","46123",2423,"Tripp"
"2424","46125",2424,"Turner"
"2425","46127",2425,"Union"
"2426","46129",2426,"Walworth"
"2427","46135",2427,"Yankton"
"2428","46137",2428,"Ziebach"
"2429","47001",2429,"Anderson"
"2430","47003",2430,"Bedford"
"2431","47005",2431,"Benton"
"2432","47007",2432,"Bledsoe"
"2433","47009",2433,"Blount"
"2434","47011",2434,"Bradley"
"2435","47013",2435,"Campbell"
"2436","47015",2436,"Cannon"
"2437","47017",2437,"Carroll"
"2438","47019",2438,"Carter"
"2439","47021",2439,"Cheatham"
"2440","47023",2440,"Chester"
"2441","47025",2441,"Claiborne"
"2442","47027",2442,"Clay"
"2443","47029",2443,"Cocke"
"2444","47031",2444,"Coffee"
"2445","47033",2445,"Crockett"
"2446","47035",2446,"Cumberland"
"2447","47037",2447,"Davidson"
"2448","47039",2448,"Decatur"
"2449","47041",2449,"DeKalb"
"2450","47043",2450,"Dickson"
"2451","47045",2451,"Dyer"
"2452","47047",2452,"Fayette"
"2453","47049",2453,"Fentress"
"2454","47051",2454,"Franklin"
"2455","47053",2455,"Gibson"
"2456","47055",2456,"Giles"
"2457","47057",2457,"Grainger"
"2458","47059",2458,"Greene"
"2459","47061",2459,"Grundy"
"2460","47063",2460,"Hamblen"
"2461","47065",2461,"Hamilton"
"2462","47067",2462,"Hancock"
"2463","47069",2463,"Hardeman"
"2464","47071",2464,"Hardin"
"2465","47073",2465,"Hawkins"
"2466","47075",2466,"Haywood"
"2467","47077",2467,"Henderson"
"2468","47079",2468,"Henry"
"2469","47081",2469,"Hickman"
"2470","47083",2470,"Houston"
"2471","47085",2471,"Humphreys"
"2472","47087",2472,"Jackson"
"2473","47089",2473,"Jefferson"
"2474","47091",2474,"Johnson"
"2475","47093",2475,"Knox"
"2476","47095",2476,"Lake"
"2477","47097",2477,"Lauderdale"
"2478","47099",2478,"Lawrence"
"2479","47101",2479,"Lewis"
"2480","47103",2480,"Lincoln"
"2481","47105",2481,"Loudon"
"2482","47107",2482,"McMinn"
"2483","47109",2483,"McNairy"
"2484","47111",2484,"Macon"
"2485","47113",2485,"Madison"
"2486","47115",2486,"Marion"
"2487","47117",2487,"Marshall"
"2488","47119",2488,"Maury"
"2489","47121",2489,"Meigs"
"2490","47123",2490,"Monroe"
"2491","47125",2491,"Montgomery"
"2492","47127",2492,"Moore"
"2493","47129",2493,"Morgan"
"2494","47131",2494,"Obion"
"2495","47133",2495,"Overton"
"2496","47135",2496,"Perry"
"2497","47137",2497,"Pickett"
"2498","47139",2498,"Polk"
"2499","47141",2499,"Putnam"
"2500","47143",2500,"Rhea"
"2501","47145",2501,"Roane"
"2502","47147",2502,"Robertson"
"2503","47149",2503,"Rutherford"
"2504","47151",2504,"Scott"
"2505","47153",2505,"Sequatchie"
"2506","47155",2506,"Sevier"
"2507","47157",2507,"Shelby"
"2508","47159",2508,"Smith"
"2509","47161",2509,"Stewart"
"2510","47163",2510,"Sullivan"
"2511","47165",2511,"Sumner"
"2512","47167",2512,"Tipton"
"2513","47169",2513,"Trousdale"
"2514","47171",2514,"Unicoi"
"2515","47173",2515,"Union"
"2516","47175",2516,"Van Buren"
"2517","47177",2517,"Warren"
"2518","47179",2518,"Washington"
"2519","47181",2519,"Wayne"
"2520","47183",2520,"Weakley"
"2521","47185",2521,"White"
"2522","47187",2522,"Williamson"
"2523","47189",2523,"Wilson"
"2524","48001",2524,"Anderson"
"2525","48003",2525,"Andrews"
"2526","48005",2526,"Angelina"
"2527","48007",2527,"Aransas"
"2528","48009",2528,"Archer"
"2529","48011",2529,"Armstrong"
"2530","48013",2530,"Atascosa"
"2531","48015",2531,"Austin"
"2532","48017",2532,"Bailey"
"2533","48019",2533,"Bandera"
"2534","48021",2534,"Bastrop"
"2535","48023",2535,"Baylor"
"2536","48025",2536,"Bee"
"2537","48027",2537,"Bell"
"2538","48029",2538,"Bexar"
"2539","48031",2539,"Blanco"
"2540","48033",2540,"Borden"
"2541","48035",2541,"Bosque"
"2542","48037",2542,"Bowie"
"2543","48039",2543,"Brazoria"
"2544","48041",2544,"Brazos"
"2545","48043",2545,"Brewster"
"2546","48045",2546,"Briscoe"
"2547","48047",2547,"Brooks"
"2548","48049",2548,"Brown"
"2549","48051",2549,"Burleson"
"2550","48053",2550,"Burnet"
"2551","48055",2551,"Caldwell"
"2552","48057",2552,"Calhoun"
"2553","48059",2553,"Callahan"
"2554","48061",2554,"Cameron"
"2555","48063",2555,"Camp"
"2556","48065",2556,"Carson"
"2557","48067",2557,"Cass"
"2558","48069",2558,"Castro"
"2559","48071",2559,"Chambers"
"2560","48073",2560,"Cherokee"
"2561","48075",2561,"Childress"
"2562","48077",2562,"Clay"
"2563","48079",2563,"Cochran"
"2564","48081",2564,"Coke"
"2565","48083",2565,"Coleman"
"2566","48085",2566,"Collin"
"2567","48087",2567,"Collingsworth"
"2568","48089",2568,"Colorado"
"2569","48091",2569,"Comal"
"2570","48093",2570,"Comanche"
"2571","48095",2571,"Concho"
"2572","48097",2572,"Cooke"
"2573","48099",2573,"Coryell"
"2574","48101",2574,"Cottle"
"2575","48103",2575,"Crane"
"2576","48105",2576,"Crockett"
"2577","48107",2577,"Crosby"
"2578","48109",2578,"Culberson"
"2579","48111",2579,"Dallam"
"2580","48113",2580,"Dallas"
"2581","48115",2581,"Dawson"
"2582","48117",2582,"Deaf Smith"
"2583","48119",2583,"Delta"
"2584","48121",2584,"Denton"
"2585","48123",2585,"DeWitt"
"2586","48125",2586,"Dickens"
"2587","48127",2587,"Dimmit"
"2588","48129",2588,"Donley"
"2589","48131",2589,"Duval"
"2590","48133",2590,"Eastland"
"2591","48135",2591,"Ector"
"2592","48137",2592,"Edwards"
"2593","48139",2593,"Ellis"
"2594","48141",2594,"El Paso"
"2595","48143",2595,"Erath"
"2596","48145",2596,"Falls"
"2597","48147",2597,"Fannin"
"2598","48149",2598,"Fayette"
"2599","48151",2599,"Fisher"
"2600","48153",2600,"Floyd"
"2601","48155",2601,"Foard"
"2602","48157",2602,"Fort Bend"
"2603","48159",2603,"Franklin"
"2604","48161",2604,"Freestone"
"2605","48163",2605,"Frio"
"2606","48165",2606,"Gaines"
"2607","48167",2607,"Galveston"
"2608","48169",2608,"Garza"
"2609","48171",2609,"Gillespie"
"2610","48173",2610,"Glasscock"
"2611","48175",2611,"Goliad"
"2612","48177",2612,"Gonzales"
"2613","48179",2613,"Gray"
"2614","48181",2614,"Grayson"
"2615","48183",2615,"Gregg"
"2616","48185",2616,"Grimes"
"2617","48187",2617,"Guadalupe"
"2618","48189",2618,"Hale"
"2619","48191",2619,"Hall"
"2620","48193",2620,"Hamilton"
"2621","48195",2621,"Hansford"
"2622","48197",2622,"Hardeman"
"2623","48199",2623,"Hardin"
"2624","48201",2624,"Harris"
"2625","48203",2625,"Harrison"
"2626","48205",2626,"Hartley"
"2627","48207",2627,"Haskell"
"2628","48209",2628,"Hays"
"2629","48211",2629,"Hemphill"
"2630","48213",2630,"Henderson"
"2631","48215",2631,"Hidalgo"
"2632","48217",2632,"Hill"
"2633","48219",2633,"Hockley"
"2634","48221",2634,"Hood"
"2635","48223",2635,"Hopkins"
"2636","48225",2636,"Houston"
"2637","48227",2637,"Howard"
"2638","48229",2638,"Hudspeth"
"2639","48231",2639,"Hunt"
"2640","48233",2640,"Hutchinson"
"2641","48235",2641,"Irion"
"2642","48237",2642,"Jack"
"2643","48239",2643,"Jackson"
"2644","48241",2644,"Jasper"
"2645","48243",2645,"Jeff Davis"
"2646","48245",2646,"Jefferson"
"2647","48247",2647,"Jim Hogg"
"2648","48249",2648,"Jim Wells"
"2649","48251",2649,"Johnson"
"2650","48253",2650,"Jones"
"2651","48255",2651,"Karnes"
"2652","48257",2652,"Kaufman"
"2653","48259",2653,"Kendall"
"2654","48261",2654,"Kenedy"
"2655","48263",2655,"Kent"
"2656","48265",2656,"Kerr"
"2657","48267",2657,"Kimble"
"2658","48269",2658,"King"
"2659","48271",2659,"Kinney"
"2660","48273",2660,"Kleberg"
"2661","48275",2661,"Knox"
"2662","48277",2662,"Lamar"
"2663","48279",2663,"Lamb"
"2664","48281",2664,"Lampasas"
"2665","48283",2665,"La Salle"
"2666","48285",2666,"Lavaca"
"2667","48287",2667,"Lee"
"2668","48289",2668,"Leon"
"2669","48291",2669,"Liberty"
"2670","48293",2670,"Limestone"
"2671","48295",2671,"Lipscomb"
"2672","48297",2672,"Live Oak"
"2673","48299",2673,"Llano"
"2674","48301",2674,"Loving"
"2675","48303",2675,"Lubbock"
"2676","48305",2676,"Lynn"
"2677","48307",2677,"McCulloch"
"2678","48309",2678,"McLennan"
"2679","48311",2679,"McMullen"
"2680","48313",2680,"Madison"
"2681","48315",2681,"Marion"
"2682","48317",2682,"Martin"
"2683","48319",2683,"Mason"
"2684","48321",2684,"Matagorda"
"2685","48323",2685,"Maverick"
"2686","48325",2686,"Medina"
"2687","48327",2687,"Menard"
"2688","48329",2688,"Midland"
"2689","48331",2689,"Milam"
"2690","48333",2690,"Mills"
"2691","48335",2691,"Mitchell"
"2692","48337",2692,"Montague"
"2693","48339",2693,"Montgomery"
"2694","48341",2694,"Moore"
"2695","48343",2695,"Morris"
"2696","48345",2696,"Motley"
"2697","48347",2697,"Nacogdoches"
"2698","48349",2698,"Navarro"
"2699","48351",2699,"Newton"
"2700","48353",2700,"Nolan"
"2701","48355",2701,"Nueces"
"2702","48357",2702,"Ochiltree"
"2703","48359",2703,"Oldham"
"2704","48361",2704,"Orange"
"2705","48363",2705,"Palo Pinto"
"2706","48365",2706,"Panola"
"2707","48367",2707,"Parker"
"2708","48369",2708,"Parmer"
"2709","48371",2709,"Pecos"
"2710","48373",2710,"Polk"
"2711","48375",2711,"Potter"
"2712","48377",2712,"Presidio"
"2713","48379",2713,"Rains"
"2714","48381",2714,"Randall"
"2715","48383",2715,"Reagan"
"2716","48385",2716,"Real"
"2717","48387",2717,"Red River"
"2718","48389",2718,"Reeves"
"2719","48391",2719,"Refugio"
"2720","48393",2720,"Roberts"
"2721","48395",2721,"Robertson"
"2722","48397",2722,"Rockwall"
"2723","48399",2723,"Runnels"
"2724","48401",2724,"Rusk"
"2725","48403",2725,"Sabine"
"2726","48405",2726,"San Augustine"
"2727","48407",2727,"San Jacinto"
"2728","48409",2728,"San Patricio"
"2729","48411",2729,"San Saba"
"2730","48413",2730,"Schleicher"
"2731","48415",2731,"Scurry"
"2732","48417",2732,"Shackelford"
"2733","48419",2733,"Shelby"
"2734","48421",2734,"Sherman"
"2735","48423",2735,"Smith"
"2736","48425",2736,"Somervell"
"2737","48427",2737,"Starr"
"2738","48429",2738,"Stephens"
"2739","48431",2739,"Sterling"
"2740","48433",2740,"Stonewall"
"2741","48435",2741,"Sutton"
"2742","48437",2742,"Swisher"
"2743","48439",2743,"Tarrant"
"2744","48441",2744,"Taylor"
"2745","48443",2745,"Terrell"
"2746","48445",2746,"Terry"
"2747","48447",2747,"Throckmorton"
"2748","48449",2748,"Titus"
"2749","48451",2749,"Tom Green"
"2750","48453",2750,"Travis"
"2751","48455",2751,"Trinity"
"2752","48457",2752,"Tyler"
"2753","48459",2753,"Upshur"
"2754","48461",2754,"Upton"
"2755","48463",2755,"Uvalde"
"2756","48465",2756,"Val Verde"
"2757","48467",2757,"Van Zandt"
"2758","48469",2758,"Victoria"
"2759","48471",2759,"Walker"
"2760","48473",2760,"Waller"
"2761","48475",2761,"Ward"
"2762","48477",2762,"Washington"
"2763","48479",2763,"Webb"
"2764","48481",2764,"Wharton"
"2765","48483",2765,"Wheeler"
"2766","48485",2766,"Wichita"
"2767","48487",2767,"Wilbarger"
"2768","48489",2768,"Willacy"
"2769","48491",2769,"Williamson"
"2770","48493",2770,"Wilson"
"2771","48495",2771,"Winkler"
"2772","48497",2772,"Wise"
"2773","48499",2773,"Wood"
"2774","48501",2774,"Yoakum"
"2775","48503",2775,"Young"
"2776","48505",2776,"Zapata"
"2777","48507",2777,"Zavala"
"2778","49001",2778,"Beaver"
"2779","49003",2779,"Box Elder"
"2780","49005",2780,"Cache"
"2781","49007",2781,"Carbon"
"2782","49009",2782,"Daggett"
"2783","49011",2783,"Davis"
"2784","49013",2784,"Duchesne"
"2785","49015",2785,"Emery"
"2786","49017",2786,"Garfield"
"2787","49019",2787,"Grand"
"2788","49021",2788,"Iron"
"2789","49023",2789,"Juab"
"2790","49025",2790,"Kane"
"2791","49027",2791,"Millard"
"2792","49029",2792,"Morgan"
"2793","49031",2793,"Piute"
"2794","49033",2794,"Rich"
"2795","49035",2795,"Salt Lake"
"2796","49037",2796,"San Juan"
"2797","49039",2797,"Sanpete"
"2798","49041",2798,"Sevier"
"2799","49043",2799,"Summit"
"2800","49045",2800,"Tooele"
"2801","49047",2801,"Uintah"
"2802","49049",2802,"Utah"
"2803","49051",2803,"Wasatch"
"2804","49053",2804,"Washington"
"2805","49055",2805,"Wayne"
"2806","49057",2806,"Weber"
"2807","50001",2807,"Addison"
"2808","50003",2808,"Bennington"
"2809","50005",2809,"Caledonia"
"2810","50007",2810,"Chittenden"
"2811","50009",2811,"Essex"
"2812","50011",2812,"Franklin"
"2813","50013",2813,"Grand Isle"
"2814","50015",2814,"Lamoille"
"2815","50017",2815,"Orange"
"2816","50019",2816,"Orleans"
"2817","50021",2817,"Rutland"
"2818","50023",2818,"Washington"
"2819","50025",2819,"Windham"
"2820","50027",2820,"Windsor"
"2821","51001",2821,"Accomack"
"2822","51003",2822,"Albemarle"
"2823","51005",2823,"Alleghany"
"2824","51007",2824,"Amelia"
"2825","51009",2825,"Amherst"
"2826","51011",2826,"Appomattox"
"2827","51013",2827,"Arlington"
"2828","51015",2828,"Augusta"
"2829","51017",2829,"Bath"
"2830","51019",2830,"Bedford"
"2831","51021",2831,"Bland"
"2832","51023",2832,"Botetourt"
"2833","51025",2833,"Brunswick"
"2834","51027",2834,"Buchanan"
"2835","51029",2835,"Buckingham"
"2836","51031",2836,"Campbell"
"2837","51033",2837,"Caroline"
"2838","51035",2838,"Carroll"
"2839","51036",2839,"Charles City"
"2840","51037",2840,"Charlotte"
"2841","51041",2841,"Chesterfield"
"2842","51043",2842,"Clarke"
"2843","51045",2843,"Craig"
"2844","51047",2844,"Culpeper"
"2845","51049",2845,"Cumberland"
"2846","51051",2846,"Dickenson"
"2847","51053",2847,"Dinwiddie"
"2848","51057",2848,"Essex"
"2849","51059",2849,"Fairfax"
"2850","51061",2850,"Fauquier"
"2851","51063",2851,"Floyd"
"2852","51065",2852,"Fluvanna"
"2853","51067",2853,"Franklin"
"2854","51069",2854,"Frederick"
"2855","51071",2855,"Giles"
"2856","51073",2856,"Gloucester"
"2857","51075",2857,"Goochland"
"2858","51077",2858,"Grayson"
"2859","51079",2859,"Greene"
"2860","51081",2860,"Greensville"
"2861","51083",2861,"Halifax"
"2862","51085",2862,"Hanover"
"2863","51087",2863,"Henrico"
"2864","51089",2864,"Henry"
"2865","51091",2865,"Highland"
"2866","51093",2866,"Isle of Wight"
"2867","51095",2867,"James City"
"2868","51097",2868,"King and Queen"
"2869","51099",2869,"King George"
"2870","51101",2870,"King William"
"2871","51103",2871,"Lancaster"
"2872","51105",2872,"Lee"
"2873","51107",2873,"Loudoun"
"2874","51109",2874,"Louisa"
"2875","51111",2875,"Lunenburg"
"2876","51113",2876,"Madison"
"2877","51115",2877,"Mathews"
"2878","51117",2878,"Mecklenburg"
"2879","51119",2879,"Middlesex"
"2880","51121",2880,"Montgomery"
"2881","51125",2881,"Nelson"
"2882","51127",2882,"New Kent"
"2883","51131",2883,"Northampton"
"2884","51133",2884,"Northumberland"
"2885","51135",2885,"Nottoway"
"2886","51137",2886,"Orange"
"2887","51139",2887,"Page"
"2888","51141",2888,"Patrick"
"2889","51143",2889,"Pittsylvania"
"2890","51145",2890,"Powhatan"
"2891","51147",2891,"Prince Edward"
"2892","51149",2892,"Prince George"
"2893","51153",2893,"Prince William"
"2894","51155",2894,"Pulaski"
"2895","51157",2895,"Rappahannock"
"2896","51159",2896,"Richmond"
"2897","51161",2897,"Roanoke"
"2898","51163",2898,"Rockbridge"
"2899","51165",2899,"Rockingham"
"2900","51167",2900,"Russell"
"2901","51169",2901,"Scott"
"2902","51171",2902,"Shenandoah"
"2903","51173",2903,"Smyth"
"2904","51175",2904,"Southampton"
"2905","51177",2905,"Spotsylvania"
"2906","51179",2906,"Stafford"
"2907","51181",2907,"Surry"
"2908","51183",2908,"Sussex"
"2909","51185",2909,"Tazewell"
"2910","51187",2910,"Warren"
"2911","51191",2911,"Washington"
"2912","51193",2912,"Westmoreland"
"2913","51195",2913,"Wise"
"2914","51197",2914,"Wythe"
"2915","51199",2915,"York"
"2916","51510",2916,"Alexandria"
"2917","51520",2917,"Bristol"
"2918","51530",2918,"Buena Vista"
"2919","51540",2919,"Charlottesville"
"2920","51550",2920,"Chesapeake"
"2921","51570",2921,"Colonial Heights"
"2922","51580",2922,"Covington"
"2923","51590",2923,"Danville"
"2924","51595",2924,"Emporia"
"2925","51600",2925,"Fairfax"
"2926","51610",2926,"Falls Church"
"2927","51620",2927,"Franklin"
"2928","51630",2928,"Fredericksburg"
"2929","51640",2929,"Galax"
"2930","51650",2930,"Hampton"
"2931","51660",2931,"Harrisonburg"
"2932","51670",2932,"Hopewell"
"2933","51678",2933,"Lexington"
"2934","51680",2934,"Lynchburg"
"2935","51683",2935,"Manassas"
"2936","51685",2936,"Manassas Park"
"2937","51690",2937,"Martinsville"
"2938","51700",2938,"Newport News"
"2939","51710",2939,"Norfolk"
"2940","51720",2940,"Norton"
"2941","51730",2941,"Petersburg"
"2942","51735",2942,"Poquoson"
"2943","51740",2943,"Portsmouth"
"2944","51750",2944,"Radford"
"2945","51760",2945,"Richmond"
"2946","51770",2946,"Roanoke"
"2947","51775",2947,"Salem"
"2948","51790",2948,"Staunton"
"2949","51800",2949,"Suffolk"
"2950","51810",2950,"Virginia Beach"
"2951","51820",2951,"Waynesboro"
"2952","51830",2952,"Williamsburg"
"2953","51840",2953,"Winchester"
"2954","53001",2954,"Adams"
"2955","53003",2955,"Asotin"
"2956","53005",2956,"Benton"
"2957","53007",2957,"Chelan"
"2958","53009",2958,"Clallam"
"2959","53011",2959,"Clark"
"2960","53013",2960,"Columbia"
"2961","53015",2961,"Cowlitz"
"2962","53017",2962,"Douglas"
"2963","53019",2963,"Ferry"
"2964","53021",2964,"Franklin"
"2965","53023",2965,"Garfield"
"2966","53025",2966,"Grant"
"2967","53027",2967,"Grays Harbor"
"2968","53029",2968,"Island"
"2969","53031",2969,"Jefferson"
"2970","53033",2970,"King"
"2971","53035",2971,"Kitsap"
"2972","53037",2972,"Kittitas"
"2973","53039",2973,"Klickitat"
"2974","53041",2974,"Lewis"
"2975","53043",2975,"Lincoln"
"2976","53045",2976,"Mason"
"2977","53047",2977,"Okanogan"
"2978","53049",2978,"Pacific"
"2979","53051",2979,"Pend Oreille"
"2980","53053",2980,"Pierce"
"2981","53055",2981,"San Juan"
"2982","53057",2982,"Skagit"
"2983","53059",2983,"Skamania"
"2984","53061",2984,"Snohomish"
"2985","53063",2985,"Spokane"
"2986","53065",2986,"Stevens"
"2987","53067",2987,"Thurston"
"2988","53069",2988,"Wahkiakum"
"2989","53071",2989,"Walla Walla"
"2990","53073",2990,"Whatcom"
"2991","53075",2991,"Whitman"
"2992","53077",2992,"Yakima"
"2993","54001",2993,"Barbour"
"2994","54003",2994,"Berkeley"
"2995","54005",2995,"Boone"
"2996","54007",2996,"Braxton"
"2997","54009",2997,"Brooke"
"2998","54011",2998,"Cabell"
"2999","54013",2999,"Calhoun"
"3000","54015",3000,"Clay"
"3001","54017",3001,"Doddridge"
"3002","54019",3002,"Fayette"
"3003","54021",3003,"Gilmer"
"3004","54023",3004,"Grant"
"3005","54025",3005,"Greenbrier"
"3006","54027",3006,"Hampshire"
"3007","54029",3007,"Hancock"
"3008","54031",3008,"Hardy"
"3009","54033",3009,"Harrison"
"3010","54035",3010,"Jackson"
"3011","54037",3011,"Jefferson"
"3012","54039",3012,"Kanawha"
"3013","54041",3013,"Lewis"
"3014","54043",3014,"Lincoln"
"3015","54045",3015,"Logan"
"3016","54047",3016,"McDowell"
"3017","54049",3017,"Marion"
"3018","54051",3018,"Marshall"
"3019","54053",3019,"Mason"
"3020","54055",3020,"Mercer"
"3021","54057",3021,"Mineral"
"3022","54059",3022,"Mingo"
"3023","54061",3023,"Monongalia"
"3024","54063",3024,"Monroe"
"3025","54065",3025,"Morgan"
"3026","54067",3026,"Nicholas"
"3027","54069",3027,"Ohio"
"3028","54071",3028,"Pendleton"
"3029","54073",3029,"Pleasants"
"3030","54075",3030,"Pocahontas"
"3031","54077",3031,"Preston"
"3032","54079",3032,"Putnam"
"3033","54081",3033,"Raleigh"
"3034","54083",3034,"Randolph"
"3035","54085",3035,"Ritchie"
"3036","54087",3036,"Roane"
"3037","54089",3037,"Summers"
"3038","54091",3038,"Taylor"
"3039","54093",3039,"Tucker"
"3040","54095",3040,"Tyler"
"3041","54097",3041,"Upshur"
"3042","54099",3042,"Wayne"
"3043","54101",3043,"Webster"
"3044","54103",3044,"Wetzel"
"3045","54105",3045,"Wirt"
"3046","54107",3046,"Wood"
"3047","54109",3047,"Wyoming"
"3048","55001",3048,"Adams"
"3049","55003",3049,"Ashland"
"3050","55005",3050,"Barron"
"3051","55007",3051,"Bayfield"
"3052","55009",3052,"Brown"
"3053","55011",3053,"Buffalo"
"3054","55013",3054,"Burnett"
"3055","55015",3055,"Calumet"
"3056","55017",3056,"Chippewa"
"3057","55019",3057,"Clark"
"3058","55021",3058,"Columbia"
"3059","55023",3059,"Crawford"
"3060","55025",3060,"Dane"
"3061","55027",3061,"Dodge"
"3062","55029",3062,"Door"
"3063","55031",3063,"Douglas"
"3064","55033",3064,"Dunn"
"3065","55035",3065,"Eau Claire"
"3066","55037",3066,"Florence"
"3067","55039",3067,"Fond du Lac"
"3068","55041",3068,"Forest"
"3069","55043",3069,"Grant"
"3070","55045",3070,"Green"
"3071","55047",3071,"Green Lake"
"3072","55049",3072,"Iowa"
"3073","55051",3073,"Iron"
"3074","55053",3074,"Jackson"
"3075","55055",3075,"Jefferson"
"3076","55057",3076,"Juneau"
"3077","55059",3077,"Kenosha"
"3078","55061",3078,"Kewaunee"
"3079","55063",3079,"La Crosse"
"3080","55065",3080,"Lafayette"
"3081","55067",3081,"Langlade"
"3082","55069",3082,"Lincoln"
"3083","55071",3083,"Manitowoc"
"3084","55073",3084,"Marathon"
"3085","55075",3085,"Marinette"
"3086","55077",3086,"Marquette"
"3087","55078",3087,"Menominee"
"3088","55079",3088,"Milwaukee"
"3089","55081",3089,"Monroe"
"3090","55083",3090,"Oconto"
"3091","55085",3091,"Oneida"
"3092","55087",3092,"Outagamie"
"3093","55089",3093,"Ozaukee"
"3094","55091",3094,"Pepin"
"3095","55093",3095,"Pierce"
"3096","55095",3096,"Polk"
"3097","55097",3097,"Portage"
"3098","55099",3098,"Price"
"3099","55101",3099,"Racine"
"3100","55103",3100,"Richland"
"3101","55105",3101,"Rock"
"3102","55107",3102,"Rusk"
"3103","55109",3103,"St. Croix"
"3104","55111",3104,"Sauk"
"3105","55113",3105,"Sawyer"
"3106","55115",3106,"Shawano"
"3107","55117",3107,"Sheboygan"
"3108","55119",3108,"Taylor"
"3109","55121",3109,"Trempealeau"
"3110","55123",3110,"Vernon"
"3111","55125",3111,"Vilas"
"3112","55127",3112,"Walworth"
"3113","55129",3113,"Washburn"
"3114","55131",3114,"Washington"
"3115","55133",3115,"Waukesha"
"3116","55135",3116,"Waupaca"
"3117","55137",3117,"Waushara"
"3118","55139",3118,"Winnebago"
"3119","55141",3119,"Wood"
"3120","56001",3120,"Albany"
"3121","56003",3121,"Big Horn"
"3122","56005",3122,"Campbell"
"3123","56007",3123,"Carbon"
"3124","56009",3124,"Converse"
"3125","56011",3125,"Crook"
"3126","56013",3126,"Fremont"
"3127","56015",3127,"Goshen"
"3128","56017",3128,"Hot Springs"
"3129","56019",3129,"Johnson"
"3130","56021",3130,"Laramie"
"3131","56023",3131,"Lincoln"
"3132","56025",3132,"Natrona"
"3133","56027",3133,"Niobrara"
"3134","56029",3134,"Park"
"3135","56031",3135,"Platte"
"3136","56033",3136,"Sheridan"
"3137","56035",3137,"Sublette"
"3138","56037",3138,"Sweetwater"
"3139","56039",3139,"Teton"
"3140","56041",3140,"Uinta"
"3141","56043",3141,"Washakie"
"3142","56045",3142,"Weston"
"3143","60010",3143,"Eastern"
"3144","60020",3144,"Manu'a"
"3145","60030",3145,"Rose Island"
"3146","60040",3146,"Swains Island"
"3147","60050",3147,"Western"
"3148","66010",3148,"Guam"
"3149","69085",3149,"Northern Islands"
"3150","69100",3150,"Rota"
"3151","69110",3151,"Saipan"
"3152","69120",3152,"Tinian"
"3153","72001",3153,"Adjuntas"
"3154","72003",3154,"Aguada"
"3155","72005",3155,"Aguadilla"
"3156","72007",3156,"Aguas Buenas"
"3157","72009",3157,"Aibonito"
"3158","72011",3158,"Aasco"
"3159","72013",3159,"Arecibo"
"3160","72015",3160,"Arroyo"
"3161","72017",3161,"Barceloneta"
"3162","72019",3162,"Barranquitas"
"3163","72021",3163,"Bayamn"
"3164","72023",3164,"Cabo Rojo"
"3165","72025",3165,"Caguas"
"3166","72027",3166,"Camuy"
"3167","72029",3167,"Canvanas"
"3168","72031",3168,"Carolina"
"3169","72033",3169,"Catao"
"3170","72035",3170,"Cayey"
"3171","72037",3171,"Ceiba"
"3172","72039",3172,"Ciales"
"3173","72041",3173,"Cidra"
"3174","72043",3174,"Coamo"
"3175","72045",3175,"Comero"
"3176","72047",3176,"Corozal"
"3177","72049",3177,"Culebra"
"3178","72051",3178,"Dorado"
"3179","72053",3179,"Fajardo"
"3180","72054",3180,"Florida"
"3181","72055",3181,"Gunica"
"3182","72057",3182,"Guayama"
"3183","72059",3183,"Guayanilla"
"3184","72061",3184,"Guaynabo"
"3185","72063",3185,"Gurabo"
"3186","72065",3186,"Hatillo"
"3187","72067",3187,"Hormigueros"
"3188","72069",3188,"Humacao"
"3189","72071",3189,"Isabela"
"3190","72073",3190,"Jayuya"
"3191","72075",3191,"Juana Daz"
"3192","72077",3192,"Juncos"
"3193","72079",3193,"Lajas"
"3194","72081",3194,"Lares"
"3195","72083",3195,"Las Maras"
"3196","72085",3196,"Las Piedras"
"3197","72087",3197,"Loza"
"3198","72089",3198,"Luquillo"
"3199","72091",3199,"Manat"
"3200","72093",3200,"Maricao"
"3201","72095",3201,"Maunabo"
"3202","72097",3202,"Mayagez"
"3203","72099",3203,"Moca"
"3204","72101",3204,"Morovis"
"3205","72103",3205,"Naguabo"
"3206","72105",3206,"Naranjito"
"3207","72107",3207,"Orocovis"
"3208","72109",3208,"Patillas"
"3209","72111",3209,"Peuelas"
"3210","72113",3210,"Ponce"
"3211","72115",3211,"Quebradillas"
"3212","72117",3212,"Rincn"
"3213","72119",3213,"Ro Grande"
"3214","72121",3214,"Sabana Grande"
"3215","72123",3215,"Salinas"
"3216","72125",3216,"San Germn"
"3217","72127",3217,"San Juan"
"3218","72129",3218,"San Lorenzo"
"3219","72131",3219,"San Sebastin"
"3220","72133",3220,"Santa Isabel"
"3221","72135",3221,"Toa Alta"
"3222","72137",3222,"Toa Baja"
"3223","72139",3223,"Trujillo Alto"
"3224","72141",3224,"Utuado"
"3225","72143",3225,"Vega Alta"
"3226","72145",3226,"Vega Baja"
"3227","72147",3227,"Vieques"
"3228","72149",3228,"Villalba"
"3229","72151",3229,"Yabucoa"
"3230","72153",3230,"Yauco"
"3231","78010",3231,"St. Croix"
"3232","78020",3232,"St. John"
"3233","78030",3233,"St. Thomas"
