"","filenames"
"1","bd_M_sl1_100m.tif"
"2","bd_M_sl2_100m.tif"
"3","bd_M_sl3_100m.tif"
"4","bd_M_sl4_100m.tif"
"5","bd_M_sl5_100m.tif"
"6","bd_M_sl6_100m.tif"
"7","bd_M_sl7_100m.tif"
"8","clay_M_sl1_100m.tif"
"9","clay_M_sl2_100m.tif"
"10","clay_M_sl3_100m.tif"
"11","clay_M_sl4_100m.tif"
"12","clay_M_sl5_100m.tif"
"13","clay_M_sl6_100m.tif"
"14","clay_M_sl7_100m.tif"
"15","ec_12pre_M_sl1_100m.tif"
"16","ec_12pre_M_sl2_100m.tif"
"17","ec_12pre_M_sl3_100m.tif"
"18","ec_12pre_M_sl4_100m.tif"
"19","ec_12pre_M_sl5_100m.tif"
"20","ec_12pre_M_sl6_100m.tif"
"21","ec_12pre_M_sl7_100m.tif"
"22","k_pct_M_sl1_100m.tif"
"23","k_pct_M_sl2_100m.tif"
"24","k_pct_M_sl3_100m.tif"
"25","k_pct_M_sl4_100m.tif"
"26","k_pct_M_sl5_100m.tif"
"27","k_pct_M_sl6_100m.tif"
"28","k_pct_M_sl7_100m.tif"
"29","mg_pct_M_sl1_100m.tif"
"30","mg_pct_M_sl2_100m.tif"
"31","mg_pct_M_sl3_100m.tif"
"32","mg_pct_M_sl4_100m.tif"
"33","mg_pct_M_sl5_100m.tif"
"34","mg_pct_M_sl6_100m.tif"
"35","mg_pct_M_sl7_100m.tif"
"36","n_tot_M_sl1_100m.tif"
"37","n_tot_M_sl2_100m.tif"
"38","n_tot_M_sl3_100m.tif"
"39","n_tot_M_sl4_100m.tif"
"40","n_tot_M_sl5_100m.tif"
"41","n_tot_M_sl6_100m.tif"
"42","n_tot_M_sl7_100m.tif"
"43","ph_h2o_M_sl1_100m.tif"
"44","ph_h2o_M_sl2_100m.tif"
"45","ph_h2o_M_sl3_100m.tif"
"46","ph_h2o_M_sl4_100m.tif"
"47","ph_h2o_M_sl5_100m.tif"
"48","ph_h2o_M_sl6_100m.tif"
"49","ph_h2o_M_sl7_100m.tif"
"50","PSCS_ASHY_100m.tif"
"51","PSCS_ASHY.OVER.CLAYEY_100m.tif"
"52","PSCS_ASHY.OVER.CLAYEY.SKELETAL_100m.tif"
"53","PSCS_ASHY.OVER.LOAMY_100m.tif"
"54","PSCS_ASHY.OVER.LOAMY.SKELETAL_100m.tif"
"55","PSCS_ASHY.OVER.MEDIAL_100m.tif"
"56","PSCS_ASHY.OVER.MEDIAL.SKELETAL_100m.tif"
"57","PSCS_ASHY.OVER.SANDY.OR.SANDY.SKELETAL_100m.tif"
"58","PSCS_ASHY.PUMICEOUS_100m.tif"
"59","PSCS_ASHY.SKELETAL_100m.tif"
"60","PSCS_ASHY.SKELETAL.OVER.FRAGMENTAL.OR.CINDERY_100m.tif"
"61","PSCS_ASHY.SKELETAL.OVER.LOAMY.SKELETAL_100m.tif"
"62","PSCS_ASHY.SKELETAL.OVER.SANDY.OR.SANDY.SKELETAL_100m.tif"
"63","PSCS_CINDERY_100m.tif"
"64","PSCS_CLAYEY_100m.tif"
"65","PSCS_CLAYEY.OVER.FINE.SILTY_100m.tif"
"66","PSCS_CLAYEY.OVER.LOAMY_100m.tif"
"67","PSCS_CLAYEY.OVER.LOAMY.SKELETAL_100m.tif"
"68","PSCS_CLAYEY.OVER.SANDY.OR.SANDY.SKELETAL_100m.tif"
"69","PSCS_CLAYEY.SKELETAL_100m.tif"
"70","PSCS_CLAYEY.SKELETAL.OVER.SANDY.OR.SANDY.SKELETAL_100m.tif"
"71","PSCS_COARSE.GYPSEOUS_100m.tif"
"72","PSCS_COARSE.LOAMY_100m.tif"
"73","PSCS_COARSE.LOAMY.OVER.CLAYEY_100m.tif"
"74","PSCS_COARSE.LOAMY.OVER.FRAGMENTAL_100m.tif"
"75","PSCS_COARSE.LOAMY.OVER.SANDY.OR.SANDY.SKELETAL_100m.tif"
"76","PSCS_COARSE.SILTY_100m.tif"
"77","PSCS_COARSE.SILTY.OVER.CLAYEY_100m.tif"
"78","PSCS_COARSE.SILTY.OVER.SANDY.OR.SANDY.SKELETAL_100m.tif"
"79","PSCS_FINE_100m.tif"
"80","PSCS_FINE.GYPSEOUS_100m.tif"
"81","PSCS_FINE.LOAMY_100m.tif"
"82","PSCS_FINE.LOAMY.OVER.CLAYEY_100m.tif"
"83","PSCS_FINE.LOAMY.OVER.FRAGMENTAL_100m.tif"
"84","PSCS_FINE.LOAMY.OVER.SANDY.OR.SANDY.SKELETAL_100m.tif"
"85","PSCS_FINE.SILTY_100m.tif"
"86","PSCS_FINE.SILTY.OVER.CLAYEY_100m.tif"
"87","PSCS_FINE.SILTY.OVER.SANDY.OR.SANDY.SKELETAL_100m.tif"
"88","PSCS_FRAGMENTAL_100m.tif"
"89","PSCS_HYDROUS.SKELETAL_100m.tif"
"90","PSCS_LITHIC.ASHY_100m.tif"
"91","PSCS_LITHIC.ASHY.SKELETAL_100m.tif"
"92","PSCS_LITHIC.CLAYEY.OVER.LOAMY.SKELETAL_100m.tif"
"93","PSCS_LITHIC.CLAYEY.SKELETAL_100m.tif"
"94","PSCS_LITHIC.COARSE.LOAMY_100m.tif"
"95","PSCS_LITHIC.FINE_100m.tif"
"96","PSCS_LITHIC.FINE.GYPSEOUS_100m.tif"
"97","PSCS_LITHIC.FINE.LOAMY_100m.tif"
"98","PSCS_LITHIC.FINE.SILTY_100m.tif"
"99","PSCS_LITHIC.LOAMY.SKELETAL_100m.tif"
"100","PSCS_LITHIC.LOAMY.SKELETAL.OVER.CINDERY_100m.tif"
"101","PSCS_LITHIC.MEDIAL.SKELETAL_100m.tif"
"102","PSCS_LITHIC.ORGANIC_100m.tif"
"103","PSCS_LITHIC.SANDY_100m.tif"
"104","PSCS_LITHIC.SANDY.SKELETAL_100m.tif"
"105","PSCS_LOAMY_100m.tif"
"106","PSCS_LOAMY.OVER.ASHY.OR.ASHY.PUMICEOUS_100m.tif"
"107","PSCS_LOAMY.OVER.COARSE.GYPSEOUS_100m.tif"
"108","PSCS_LOAMY.OVER.SANDY.OR.SANDY.SKELETAL_100m.tif"
"109","PSCS_LOAMY.SKELETAL_100m.tif"
"110","PSCS_LOAMY.SKELETAL.OVER.CINDERY_100m.tif"
"111","PSCS_LOAMY.SKELETAL.OVER.CLAYEY_100m.tif"
"112","PSCS_LOAMY.SKELETAL.OVER.FRAGMENTAL_100m.tif"
"113","PSCS_LOAMY.SKELETAL.OVER.SANDY.OR.SANDY.SKELETAL_100m.tif"
"114","PSCS_M_100m.tif"
"115","PSCS_MEDIAL_100m.tif"
"116","PSCS_MEDIAL.OVER.LOAMY_100m.tif"
"117","PSCS_MEDIAL.OVER.LOAMY.SKELETAL_100m.tif"
"118","PSCS_MEDIAL.OVER.SANDY.OR.SANDY.SKELETAL_100m.tif"
"119","PSCS_MEDIAL.SKELETAL_100m.tif"
"120","PSCS_ORGANIC_100m.tif"
"121","PSCS_ROCK.OUTCROP_100m.tif"
"122","PSCS_SANDY_100m.tif"
"123","PSCS_SANDY.OR.SANDY.SKELETAL_100m.tif"
"124","PSCS_SANDY.OVER.CLAYEY_100m.tif"
"125","PSCS_SANDY.OVER.LOAMY_100m.tif"
"126","PSCS_SANDY.SKELETAL_100m.tif"
"127","PSCS_SANDY.SKELETAL.OVER.LOAMY_100m.tif"
"128","PSCS_VERY.FINE_100m.tif"
"129","sand_M_sl1_100m.tif"
"130","sand_M_sl2_100m.tif"
"131","sand_M_sl3_100m.tif"
"132","sand_M_sl4_100m.tif"
"133","sand_M_sl5_100m.tif"
"134","sand_M_sl6_100m.tif"
"135","sand_M_sl7_100m.tif"
"136","soc_M_sl1_100m.tif"
"137","soc_M_sl2_100m.tif"
"138","soc_M_sl3_100m.tif"
"139","soc_M_sl4_100m.tif"
"140","soc_M_sl5_100m.tif"
"141","soc_M_sl6_100m.tif"
"142","soc_M_sl7_100m.tif"
"143","TAXgg_Acraquox_100m.tif"
"144","TAXgg_Acrudox_100m.tif"
"145","TAXgg_Alaquods_100m.tif"
"146","TAXgg_Albaqualfs_100m.tif"
"147","TAXgg_Albaquults_100m.tif"
"148","TAXgg_Alorthods_100m.tif"
"149","TAXgg_Aquicambids_100m.tif"
"150","TAXgg_Aquisalids_100m.tif"
"151","TAXgg_Aquorthels_100m.tif"
"152","TAXgg_Argialbolls_100m.tif"
"153","TAXgg_Argiaquolls_100m.tif"
"154","TAXgg_Argiborolls_100m.tif"
"155","TAXgg_Argicryids_100m.tif"
"156","TAXgg_Argicryolls_100m.tif"
"157","TAXgg_Argidurids_100m.tif"
"158","TAXgg_Argigypsids_100m.tif"
"159","TAXgg_Argiudolls_100m.tif"
"160","TAXgg_Argiustolls_100m.tif"
"161","TAXgg_Argixerolls_100m.tif"
"162","TAXgg_Borohemists_100m.tif"
"163","TAXgg_Borosaprists_100m.tif"
"164","TAXgg_Calciaquerts_100m.tif"
"165","TAXgg_Calciaquolls_100m.tif"
"166","TAXgg_Calciargids_100m.tif"
"167","TAXgg_Calciborolls_100m.tif"
"168","TAXgg_Calcicryepts_100m.tif"
"169","TAXgg_Calcicryids_100m.tif"
"170","TAXgg_Calcicryolls_100m.tif"
"171","TAXgg_Calcigypsids_100m.tif"
"172","TAXgg_Calciorthids_100m.tif"
"173","TAXgg_Calciudolls_100m.tif"
"174","TAXgg_Calciustepts_100m.tif"
"175","TAXgg_Calciusterts_100m.tif"
"176","TAXgg_Calciustolls_100m.tif"
"177","TAXgg_Calcixerepts_100m.tif"
"178","TAXgg_Calcixererts_100m.tif"
"179","TAXgg_Calcixerolls_100m.tif"
"180","TAXgg_Camborthids_100m.tif"
"181","TAXgg_Chromoxererts_100m.tif"
"182","TAXgg_Chromuderts_100m.tif"
"183","TAXgg_Chromusterts_100m.tif"
"184","TAXgg_Cryandepts_100m.tif"
"185","TAXgg_Cryaqualfs_100m.tif"
"186","TAXgg_Cryaquands_100m.tif"
"187","TAXgg_Cryaquents_100m.tif"
"188","TAXgg_Cryaquepts_100m.tif"
"189","TAXgg_Cryaquolls_100m.tif"
"190","TAXgg_Cryoboralfs_100m.tif"
"191","TAXgg_Cryoborolls_100m.tif"
"192","TAXgg_Cryochrepts_100m.tif"
"193","TAXgg_Cryofibrists_100m.tif"
"194","TAXgg_Cryofluvents_100m.tif"
"195","TAXgg_Cryofolists_100m.tif"
"196","TAXgg_Cryohemists_100m.tif"
"197","TAXgg_Cryopsamments_100m.tif"
"198","TAXgg_Cryorthents_100m.tif"
"199","TAXgg_Cryorthods_100m.tif"
"200","TAXgg_Cryosaprists_100m.tif"
"201","TAXgg_Cryrendolls_100m.tif"
"202","TAXgg_Cryumbrepts_100m.tif"
"203","TAXgg_Duraquods_100m.tif"
"204","TAXgg_Durargids_100m.tif"
"205","TAXgg_Durixeralfs_100m.tif"
"206","TAXgg_Durixerepts_100m.tif"
"207","TAXgg_Durixerolls_100m.tif"
"208","TAXgg_Durochrepts_100m.tif"
"209","TAXgg_Durorthids_100m.tif"
"210","TAXgg_Durorthods_100m.tif"
"211","TAXgg_Durudands_100m.tif"
"212","TAXgg_Durustepts_100m.tif"
"213","TAXgg_Durustolls_100m.tif"
"214","TAXgg_Dystrandepts_100m.tif"
"215","TAXgg_Dystraquerts_100m.tif"
"216","TAXgg_Dystrochrepts_100m.tif"
"217","TAXgg_Dystrocryepts_100m.tif"
"218","TAXgg_Dystropepts_100m.tif"
"219","TAXgg_Dystroxerepts_100m.tif"
"220","TAXgg_Dystrudepts_100m.tif"
"221","TAXgg_Dystruderts_100m.tif"
"222","TAXgg_Dystrustepts_100m.tif"
"223","TAXgg_Endoaqualfs_100m.tif"
"224","TAXgg_Endoaquands_100m.tif"
"225","TAXgg_Endoaquents_100m.tif"
"226","TAXgg_Endoaquepts_100m.tif"
"227","TAXgg_Endoaquert_100m.tif"
"228","TAXgg_Endoaquerts_100m.tif"
"229","TAXgg_Endoaquods_100m.tif"
"230","TAXgg_Endoaquolls_100m.tif"
"231","TAXgg_Endoaquults_100m.tif"
"232","TAXgg_Epiaqualfs_100m.tif"
"233","TAXgg_Epiaquents_100m.tif"
"234","TAXgg_Epiaquepts_100m.tif"
"235","TAXgg_Epiaquerts_100m.tif"
"236","TAXgg_Epiaquods_100m.tif"
"237","TAXgg_Epiaquolls_100m.tif"
"238","TAXgg_Epiaquults_100m.tif"
"239","TAXgg_Eutrandepts_100m.tif"
"240","TAXgg_Eutroboralfs_100m.tif"
"241","TAXgg_Eutrochrepts_100m.tif"
"242","TAXgg_Eutrocryepts_100m.tif"
"243","TAXgg_Eutropepts_100m.tif"
"244","TAXgg_Eutrudepts_100m.tif"
"245","TAXgg_Fluvaquents_100m.tif"
"246","TAXgg_Fragiaqualfs_100m.tif"
"247","TAXgg_Fragiaquepts_100m.tif"
"248","TAXgg_Fragiaquods_100m.tif"
"249","TAXgg_Fragiaquults_100m.tif"
"250","TAXgg_Fragiboralfs_100m.tif"
"251","TAXgg_Fragiochrepts_100m.tif"
"252","TAXgg_Fragiorthods_100m.tif"
"253","TAXgg_Fragiudalfs_100m.tif"
"254","TAXgg_Fragiudepts_100m.tif"
"255","TAXgg_Fragiudults_100m.tif"
"256","TAXgg_Fragixeralfs_100m.tif"
"257","TAXgg_Fraglossudalfs_100m.tif"
"258","TAXgg_Frasiwassents_100m.tif"
"259","TAXgg_Frasiwassists_100m.tif"
"260","TAXgg_Fulvicryands_100m.tif"
"261","TAXgg_Fulvudands_100m.tif"
"262","TAXgg_Glossaqualfs_100m.tif"
"263","TAXgg_Glossoboralfs_100m.tif"
"264","TAXgg_Glossocryalfs_100m.tif"
"265","TAXgg_Glossudalfs_100m.tif"
"266","TAXgg_Gypsiargids_100m.tif"
"267","TAXgg_Gypsiorthids_100m.tif"
"268","TAXgg_Gypsitorrerts_100m.tif"
"269","TAXgg_Gypsiusterts_100m.tif"
"270","TAXgg_Halaquepts_100m.tif"
"271","TAXgg_Haplaquents_100m.tif"
"272","TAXgg_Haplaquepts_100m.tif"
"273","TAXgg_Haplaquods_100m.tif"
"274","TAXgg_Haplaquolls_100m.tif"
"275","TAXgg_Haplargids_100m.tif"
"276","TAXgg_Haploborolls_100m.tif"
"277","TAXgg_Haplocalcids_100m.tif"
"278","TAXgg_Haplocambids_100m.tif"
"279","TAXgg_Haplocryalfs_100m.tif"
"280","TAXgg_Haplocryands_100m.tif"
"281","TAXgg_Haplocryepts_100m.tif"
"282","TAXgg_Haplocryerts_100m.tif"
"283","TAXgg_Haplocryids_100m.tif"
"284","TAXgg_Haplocryods_100m.tif"
"285","TAXgg_Haplocryolls_100m.tif"
"286","TAXgg_Haplodurids_100m.tif"
"287","TAXgg_Haplofibrists_100m.tif"
"288","TAXgg_Haplogypsids_100m.tif"
"289","TAXgg_Haplohemists_100m.tif"
"290","TAXgg_Haplohumods_100m.tif"
"291","TAXgg_Haplohumults_100m.tif"
"292","TAXgg_Haplorthels_100m.tif"
"293","TAXgg_Haplorthods_100m.tif"
"294","TAXgg_Haplosalids_100m.tif"
"295","TAXgg_Haplosaprists_100m.tif"
"296","TAXgg_Haplotorrerts_100m.tif"
"297","TAXgg_Haploxeralfs_100m.tif"
"298","TAXgg_Haploxerands_100m.tif"
"299","TAXgg_Haploxerepts_100m.tif"
"300","TAXgg_Haploxererts_100m.tif"
"301","TAXgg_Haploxerolls_100m.tif"
"302","TAXgg_Haploxerults_100m.tif"
"303","TAXgg_Hapludalfs_100m.tif"
"304","TAXgg_Hapludands_100m.tif"
"305","TAXgg_Hapluderts_100m.tif"
"306","TAXgg_Hapludolls_100m.tif"
"307","TAXgg_Hapludox_100m.tif"
"308","TAXgg_Hapludults_100m.tif"
"309","TAXgg_Haplumbrepts_100m.tif"
"310","TAXgg_Haplustalfs_100m.tif"
"311","TAXgg_Haplustands_100m.tif"
"312","TAXgg_Haplustepts_100m.tif"
"313","TAXgg_Haplusterts_100m.tif"
"314","TAXgg_Haplustolls_100m.tif"
"315","TAXgg_Haplustults_100m.tif"
"316","TAXgg_Haprendolls_100m.tif"
"317","TAXgg_Humaquepts_100m.tif"
"318","TAXgg_Humicryepts_100m.tif"
"319","TAXgg_Humicryods_100m.tif"
"320","TAXgg_Humitropepts_100m.tif"
"321","TAXgg_Humixerepts_100m.tif"
"322","TAXgg_Humudepts_100m.tif"
"323","TAXgg_Humustepts_100m.tif"
"324","TAXgg_Hydraquents_100m.tif"
"325","TAXgg_Hydrudands_100m.tif"
"326","TAXgg_Kandihumults_100m.tif"
"327","TAXgg_Kandiudalfs_100m.tif"
"328","TAXgg_Kandiudults_100m.tif"
"329","TAXgg_Kandiustalfs_100m.tif"
"330","TAXgg_Kanhaplohumults_100m.tif"
"331","TAXgg_Kanhapludults_100m.tif"
"332","TAXgg_M_100m.tif"
"333","TAXgg_Medisaprists_100m.tif"
"334","TAXgg_Melanoxerands_100m.tif"
"335","TAXgg_Melanudands_100m.tif"
"336","TAXgg_Nadurargids_100m.tif"
"337","TAXgg_Natralbolls_100m.tif"
"338","TAXgg_Natraqualfs_100m.tif"
"339","TAXgg_Natraquerts_100m.tif"
"340","TAXgg_Natraquolls_100m.tif"
"341","TAXgg_Natrargids_100m.tif"
"342","TAXgg_Natriboralfs_100m.tif"
"343","TAXgg_Natriborolls_100m.tif"
"344","TAXgg_Natricryolls_100m.tif"
"345","TAXgg_Natridurids_100m.tif"
"346","TAXgg_Natrigypsids_100m.tif"
"347","TAXgg_Natrixeralfs_100m.tif"
"348","TAXgg_Natrixerolls_100m.tif"
"349","TAXgg_Natrudalfs_100m.tif"
"350","TAXgg_Natrudolls_100m.tif"
"351","TAXgg_Natrustalfs_100m.tif"
"352","TAXgg_Natrustolls_100m.tif"
"353","TAXgg_Ochraqualfs_100m.tif"
"354","TAXgg_Ochraquults_100m.tif"
"355","TAXgg_Paleaquults_100m.tif"
"356","TAXgg_Paleargids_100m.tif"
"357","TAXgg_Paleboralfs_100m.tif"
"358","TAXgg_Paleborolls_100m.tif"
"359","TAXgg_Palecryalfs_100m.tif"
"360","TAXgg_Palecryolls_100m.tif"
"361","TAXgg_Palehumults_100m.tif"
"362","TAXgg_Paleorthids_100m.tif"
"363","TAXgg_Paleudalfs_100m.tif"
"364","TAXgg_Paleudolls_100m.tif"
"365","TAXgg_Paleudults_100m.tif"
"366","TAXgg_Paleustalfs_100m.tif"
"367","TAXgg_Paleustolls_100m.tif"
"368","TAXgg_Paleustults_100m.tif"
"369","TAXgg_Palexeralfs_100m.tif"
"370","TAXgg_Palexerolls_100m.tif"
"371","TAXgg_Palexerults_100m.tif"
"372","TAXgg_Pelloxererts_100m.tif"
"373","TAXgg_Pelluderts_100m.tif"
"374","TAXgg_Pellusterts_100m.tif"
"375","TAXgg_Petraquepts_100m.tif"
"376","TAXgg_Petroargids_100m.tif"
"377","TAXgg_Petrocalcids_100m.tif"
"378","TAXgg_Petrocambids_100m.tif"
"379","TAXgg_Petrocryids_100m.tif"
"380","TAXgg_Petrogypsids_100m.tif"
"381","TAXgg_Placaquods_100m.tif"
"382","TAXgg_Plinthaquults_100m.tif"
"383","TAXgg_Psammaquents_100m.tif"
"384","TAXgg_Psammowassents_100m.tif"
"385","TAXgg_Quartzipsamments_100m.tif"
"386","TAXgg_Rendolls_100m.tif"
"387","TAXgg_Rhodoxeralfs_100m.tif"
"388","TAXgg_Rhodudalfs_100m.tif"
"389","TAXgg_Rhodudults_100m.tif"
"390","TAXgg_Rhodustalfs_100m.tif"
"391","TAXgg_Salitorrerts_100m.tif"
"392","TAXgg_Salorthids_100m.tif"
"393","TAXgg_Sphagnofibrists_100m.tif"
"394","TAXgg_Sulfaquents_100m.tif"
"395","TAXgg_Sulfihemists_100m.tif"
"396","TAXgg_Sulfisaprists_100m.tif"
"397","TAXgg_Sulfiwassents_100m.tif"
"398","TAXgg_Torrerts_100m.tif"
"399","TAXgg_Torriarents_100m.tif"
"400","TAXgg_Torrifluvents_100m.tif"
"401","TAXgg_Torriorthents_100m.tif"
"402","TAXgg_Torripsamments_100m.tif"
"403","TAXgg_Tropaquepts_100m.tif"
"404","TAXgg_Tropofluvents_100m.tif"
"405","TAXgg_Troporthents_100m.tif"
"406","TAXgg_Troporthods_100m.tif"
"407","TAXgg_Tropudalfs_100m.tif"
"408","TAXgg_Tropudults_100m.tif"
"409","TAXgg_Udarents_100m.tif"
"410","TAXgg_Udifluvents_100m.tif"
"411","TAXgg_Udifolists_100m.tif"
"412","TAXgg_Udipsamments_100m.tif"
"413","TAXgg_Udivitrands_100m.tif"
"414","TAXgg_Udorthents_100m.tif"
"415","TAXgg_Umbraqualfs_100m.tif"
"416","TAXgg_Umbraquults_100m.tif"
"417","TAXgg_Ustifluvents_100m.tif"
"418","TAXgg_Ustipsamments_100m.tif"
"419","TAXgg_Ustivitrands_100m.tif"
"420","TAXgg_Ustochrepts_100m.tif"
"421","TAXgg_Ustorthents_100m.tif"
"422","TAXgg_Ustropepts_100m.tif"
"423","TAXgg_Vermaqualfs_100m.tif"
"424","TAXgg_Vermudolls_100m.tif"
"425","TAXgg_Vitrandepts_100m.tif"
"426","TAXgg_Vitraquands_100m.tif"
"427","TAXgg_Vitricryands_100m.tif"
"428","TAXgg_Vitrixerands_100m.tif"
"429","TAXgg_Xerarents_100m.tif"
"430","TAXgg_Xerochrepts_100m.tif"
"431","TAXgg_Xerofluvents_100m.tif"
"432","TAXgg_Xeropsamments_100m.tif"
"433","TAXgg_Xerorthents_100m.tif"
"434","TAXgg_Xerumbrepts_100m.tif"
